zone,rating_mw,dwellings,peak_import_mw,peak_hour,utilisation,reinforcement_mw,heat_pump_dwellings,resistive_dwellings,fossil_dwellings,retrofit_dwellings,pv_mw,fabric_tes_mwh,lon,lat
SUB:SPN-R000000852116-000-001Z,0.095,99.0,0.1302927731552447,2021-03-05 15:00:00,1.0000130640117793,0.03529107103115803,54.99986888869004,2.0000612998206377,41.999754946225366,66.99993423252377,-5.276376650035456e-09,1.3469077490562602,-0.5980946998382484,51.26045236943198
SUB:SPN-S000000171733,0.29925,145.0,0.2992509410482526,2021-02-05 15:00:00,1.0000027785902397,1.0955481896450933e-07,13.000338962956835,42.31965236362438,89.67976031496978,119.99970365288027,-8.499508352969886e-09,0.8642422656553191,-0.5999809645576584,51.25076659883082
SUB:SPN-S000000171734,0.475,145.0,0.3333445370945513,2021-01-20 15:00:00,0.7017778304349092,9.638088654239847e-08,90.99894111084554,2.0001633203914437,52.00044654943203,90.99960978288188,-6.1498421196379475e-09,1.9893493422127155,-0.6024073502845967,51.252549024275496
SUB:SPN-S000000171745,0.475,149.0,0.2250796770909293,2021-01-20 18:00:00,0.47385185321752665,9.879164522393374e-08,30.000483187122853,9.00050459016066,109.99877496139621,148.99898051965698,-1.0485245000924035e-08,0.7959087326261606,-0.5877507907354276,51.256723084114654
SUB:SPN-S000000171749,0.29925,117.0,0.24488815424187002,2021-01-14 15:00:00,0.8183393774897931,1.1673402507107157e-07,56.00004712410028,1.0001541718855778,59.99948768200458,77.00004196957903,-5.74894860224642e-10,1.63811346565926,-0.5923951100880284,51.26181489928653
SUB:SPN-S000000171774,0.76,196.0,0.25182943759890214,2021-01-20 18:00:00,0.33135448138719215,9.580264605017635e-08,28.00000273744675,4.000460908482771,163.99904085869463,174.99758781707865,-5.122790842101078e-09,0.722563091540164,-0.5936736972721773,51.255528844016894
SUB:SPN-S000000171775,0.29925,160.0,0.2992517923507271,2021-02-05 15:00:00,1.0000055377076666,1.3519095914376997e-07,68.00045976114507,12.102546075970267,79.896357554752,89.9999856427992,1.4365124427766148e-10,1.9194406342805161,-0.5954836621333599,51.25756529796441
SUB:SPN-S000000171780,0.475,295.0,0.4638067313736139,2021-01-20 15:00:00,0.9764349538646772,1.3138396137963019e-07,119.99936494835774,2.0007893036567226,172.99907560264282,175.99984619901207,-3.0066217239988954e-09,2.4498625665635196,-0.5972195463566372,51.25392964798617
SUB:SPN-S000000171781,0.29925,112.0,0.26479831552432215,2021-01-20 05:00:00,0.8848728773842013,1.208841435188636e-07,71.00009988358558,0.00041441293688867256,40.99916282556252,85.99952214184535,-4.6658141720532106e-09,1.7883292458992799,-0.5991754848118797,51.2582307990477
SUB:SPN-S000000171832,0.475,211.0,0.2707646597054174,2021-01-20 18:00:00,0.5700307146934936,1.2319688419013686e-07,38.999930105979026,5.000858643706361,166.99860807049583,191.99967509122988,-8.064853827450903e-09,0.9217476574094307,-0.596264398710225,51.25012961693501
SUB:SPN-S000000171833,0.475,184.0,0.3137441743133209,2021-12-06 07:00:00,0.6605139029609199,1.0659409838347443e-07,43.99942183151727,26.000214335712247,113.99998686954271,113.0002743441017,-6.49170744598286e-09,1.1646778634614234,-0.59274048189369,51.25306327247957
SUB:SPN-S000000173197,0.29925,186.0,0.29925145887232085,2021-03-05 15:00:00,1.0000043930877802,1.4424016899771654e-07,50.99879921841841,22.00071173561344,113.00008605532702,126.00040754070943,-9.650718191274194e-09,1.3630743551750015,-0.5934084037172878,51.25845814004627
SUB:SPN-S000000174785,0.29925,185.0,0.2992499263321873,2021-01-20 18:00:00,0.9999993699163515,1.1488479145507573e-07,9.999912563913627,44.9999741725163,129.99987008020898,126.99980566515632,-1.121901290634342e-08,0.6837632134862304,-0.5950048576836635,51.26297004744676
SUB:SPN-S000000175224,0.76,173.0,0.4984384977809635,2021-01-20 15:00:00,0.6558400442789326,9.778142596100082e-08,136.99898607352335,0.0002990345236332996,36.000050979519784,100.99968438570296,-6.475448657589811e-09,3.2479120180378933,-0.6004613735676317,51.25623832437945
SUB:SPN-S000000175257,0.29925,177.0,0.21427525581686394,2021-12-28 18:00:00,0.7160406872752779,1.1193461267986713e-07,35.00006948644875,5.000203347481591,136.99936153257238,140.99931806388923,-1.277468062645574e-08,0.9212628472065229,-0.5917809676960609,51.256474782907965
