scenario,piece,zone,bus,connectable_dwellings,connected_dwellings,connected_share_pct,segment_25_connected_pct,segment_50_connected_pct,segment_75_connected_pct,segment_100_connected_pct,heat_gwh,losses_gwh,pipe_cost_kgbp,connection_cost_kgbp,trunk_from_pct,trunk_charge_kgbp,trunk_cost_kgbp,trunk_losses_gwh,heat_peak_mw,hp_mw_th,eboiler_mw_th,tank_mwh,tank_cycled_gwh,plant_electricity_gwh,site_connection_mw,site_connection_cost_kgbp,site_losses_gwh,heat_from_hp_gwh,heat_from_eboiler_gwh
primary_shalford_dh_td,zone_1_shalford,zone_1,dh_zone_1_shalford,444.0,8.000000071335604,1.8018018178683792,2.9197080552319705,0.0,0.0,0.0,0.0603108888484434,0.0092935355334472,1.1989242169179632,1.685782176356048,,0.0,0.0,0.0,0.0602006267785544,0.0172212772390239,0.0106265737462912,0.063395325967918,0.0314450161909359,0.0268826563522657,0.0184242288984404,0.1310432371748822,0.0004032398452839,0.0692926075324911,0.001360726297123
primary_shalford_dh_td,zone_2_shalford,zone_2,dh_zone_2_shalford,156.0,0.0,0.0,,,0.0,0.0,0.0,0.0,0.0,0.0,75.0,193.858175452995,0.0,0.0,1.4648718375239576e-08,9.72360136803681e-10,3.1499260403324127e-09,2.5600484936965178e-08,8.744858972271823e-10,1.3110641823847328e-09,3.6465868156100725e-09,2.5936528665101342e-08,1.9665962735771006e-11,2.490066362614955e-09,3.6132125376657337e-10
primary_guildford_33_6_6kv_dh_td,zone_0_guildford_33_6_6kv,zone_0,dh_zone_0_guildford_33_6_6kv,276.0,100.4759629682264,36.404334408777686,,39.27315831883816,39.2731580686302,25.38201124579632,0.655533544572812,0.0604066254813473,14.999649627814934,21.172573251711007,50.0,35.616946078425265,4.380049376496672,0.0095020529301452,0.7868305763502349,0.2248335074330839,0.0700740451047761,1.0082519063071502,0.3769004201281748,0.2805917721468208,0.1718356133023804,1.222189278758974,0.0042088765822023,0.7155297324644393,0.0141293730611062
primary_guildford_33_6_6kv_dh_td,zone_1_guildford_33_6_6kv,zone_1,dh_zone_1_guildford_33_6_6kv,152.0,0.0001047683226075,6.892652803128197e-05,0.0004988967743216,0.0,0.0,,4.811239062128395e-07,1.217085150313446e-07,1.5701159752501508e-05,2.207707116545557e-05,,0.0,0.0,0.0,6.854659435757184e-07,1.718770127251253e-07,5.232315963661908e-08,9.271674508996692e-07,2.9397235839684257e-07,2.4081710642675605e-07,1.3158885771388372e-07,9.3593224367897e-07,3.6122565964013452e-09,5.999780925383821e-07,1.9805617841004213e-08
primary_guildford_33_6_6kv_dh_td,zone_3_guildford_33_6_6kv,zone_3,dh_zone_3_guildford_33_6_6kv,633.0,40.99987134106092,6.477072881684189,80.43457022476012,,1.127810818892273,0.3115240683544584,0.3175138103809232,0.036379051678283,5.0153918009721625,8.63960646541751,,0.0,0.0,0.0,0.3201648698193525,0.1104940840452552,0.0309723047701732,0.3978924284744208,0.1776379320786082,0.138542177018097,0.080894561397694,0.5753665596443712,0.0020781326552714,0.3543121465192375,0.0066549138144689
primary_guildford_b_dh_td,zone_0_guildford_b,zone_0,dh_zone_0_guildford_b,985.0,479.9302595409016,48.72388421735041,58.73853158302124,58.73853185627184,48.421037113349456,32.21469346204206,3.4594234905990557,0.2431491472646254,47.552175083965714,101.13223377670684,,0.0,0.0,0.0,3.7687998216674816,1.0067377750617532,0.5323652143024317,4.75099615964396,1.9240893782856412,1.4565126601544036,0.9935938358218792,7.066985185693649,0.021847689902316,3.6978517411580976,0.0842622300920987
primary_guildford_b_dh_td,zone_3_guildford_b,zone_3,dh_zone_3_guildford_b,2138.0,525.7617385823462,24.5912880534306,60.35595140863247,17.23103600733103,8.094384070985274,0.0,3.989992514661729,0.4665066702098623,68.9985458290834,110.7899700011022,,0.0,0.0,0.0,4.0930505142017415,1.205933496429753,0.5433600269776543,5.776620672272323,2.315911394990989,1.7327582671384445,1.093444428158142,7.777177450764832,0.0259913740070766,4.483597393329171,0.0744183656585892
primary_guildford_b_dh_td,zone_4_guildford_b,zone_4,dh_zone_4_guildford_b,1019.0,373.0836245669792,36.61272076221582,40.9344395709963,35.52432458838257,35.52433031551335,35.52432647023712,2.963755983539788,0.2844535325907803,56.377902832501306,78.6172148721398,,0.0,0.0,0.0,3.205509733336039,0.9147913312639104,0.4303853279996575,4.408499497159807,1.7250945662608268,1.2662919042657896,0.8481296973685328,6.032364323086187,0.0189943785639868,3.260319089149965,0.0568825228086422
primary_guildford_a_dh_td,zone_0_guildford_a,zone_0,dh_zone_0_guildford_a,577.0,367.6824008010738,63.72311972288974,66.23852649327426,66.23852480993665,66.23852581350249,59.359903675948445,2.732524522254044,0.1862805281427993,36.57023680271408,77.47905403790448,,0.0,0.0,0.0,2.837150259666817,0.6710141890712085,0.5691791413746746,3.698303405032333,1.376761698063072,1.183087910226012,0.8820609843910029,6.273702276356564,0.0177463186533902,2.846696012815801,0.1277261057647069
primary_guildford_a_dh_td,zone_2_guildford_a,zone_2,dh_zone_2_guildford_a,1943.0,280.1780830038092,14.419870458250603,38.26117676041053,9.528399104415112,1.3467822148046604,0.5042944326437633,2.2054072382723766,0.2909866631021046,42.47625582889873,59.03990179022248,,0.0,0.0,0.0,2.244107296519279,0.5695524562247973,0.4514616169801821,2.846335491801177,1.1150006469820082,1.0062566246640476,0.716227033468265,5.094200117421945,0.0150938493699607,2.439283721408647,0.1042205363136624
primary_guildford_a_dh_td,zone_3_guildford_a,zone_3,dh_zone_3_guildford_a,127.0,4.418483438515991e-06,3.4791208177291267e-06,,,0.0,3.94507449867499e-06,6.08300678721467e-08,5.314214996117471e-09,1.17016992425045e-06,9.310750700944798e-07,75.0,189.65610615203823,0.0,1.3937090995918983e-09,1.18076203586832e-07,8.361621577229944e-09,1.1822764211424854e-08,8.268530845489185e-08,1.509327547034469e-08,1.4510502389018461e-08,1.5738834944651102e-08,1.119432401690808e-07,2.176575358352771e-10,3.331234479164066e-08,1.934993593406893e-09
primary_merrow_dh_td,zone_1_merrow,zone_1,dh_zone_1_merrow,3340.0,15.999999826004483,0.479041910958218,1.9300361671899224,0.0,0.0,0.0,0.1158041403432988,0.018587070699025,2.397848386378502,3.371564285983206,,0.0,0.0,0.0,0.1237202214061415,0.0373123693677334,0.022930161644447,0.1507426082615808,0.0700173822325228,0.0522950553424742,0.0401060452611308,0.2852562259333303,0.0007844258301371,0.1340792266467482,0.0027727800082846
