,economic
objective_mgbp,80.47999989660451
objective_excl_committed_dh_mgbp,80.47999989660451
committed_dh_pipe_cost_mgbp,0.0
prebuilt_primary_cost_mgbp,0.0
cost_incl_nonres_fuel_mgbp,84.99919506282845
r0_space_heat_gwh,264.8202103251295
grid_import_gwh,231.5143920012056
ev_charging_gwh,4.876647709580763
ev_home_gwh,4.876647709580763
ev_peak_today_mw,1.694916173844043
ev_peak_today_full_year_mw,1.668657645949049
nonres_elec_gwh,96.78757597561584
nonres_heat_elec_gwh,0.0
nonres_gas_gwh,51.8322537350722
nonres_gas_emissions_kt,9.449538178441012
nonres_gas_cost_mgbp,4.519195166223941
nonres_elec_import_gwh,98.26149845240185
nonres_elec_cost_mgbp,19.419351518437523
nonres_elec_carbon_value_mgbp,3.7983425863454063
nonres_elec_emissions_kt,13.908248210711852
residential_cost_mgbp,61.060648601914394
residential_emissions_kt,82.75525229406773
residential_grid_import_gwh,133.25289470131253
gas_gwh,340.8552268129111
oil_gwh,3.321008224972843
lpg_gwh,
emissions_kt,96.66350035101357
emissions_total_kt,106.11303852945457
useful_heat_gwh,306.7381270794875
dwellings,28876.0
heat_pump_dwellings,393.9999999731749
resistive_dwellings,3128.99999970215
fossil_dwellings,25353.00000002304
dh_dwellings,0.0
community_scheme_dwellings,0.0
hybrid_dwellings,0.0
backup_heat_gwh,0.0
storage_heater_mwh,0.0
retrofit_R1_dwellings,0.0
retrofit_R2_dwellings,0.0
heat_pump_capacity_mw_th,2.846418507416381
pv_mw,-1.2732615994778688e-09
reinforcement_mw,3.317458134107928e-06
primary_reinforcement_mw,6.912093037740122e-08
zones_at_rating,21.0
secondaries_raised,21.0
secondary_capacity_raised_mw,1.833583263436042
fabric_tes_mwh,0.0
fabric_tes_cycled_gwh,0.0
cylinder_mwh,0.0
curtailed_pv_gwh,0.0
reverse_within_primary_gwh,2.033054346574226e-06
export_gwh,0.0
export_value_mgbp,0.0
export_avoided_emissions_kt,0.0
battery_home_mwh,0.0
battery_home_mw,0.0
battery_community_mwh,0.0
battery_community_mw,0.0
battery_throughput_gwh,0.0
reverse_to_nonres_gwh,1.1525087732901545e-06
reverse_to_nonres_value_mgbp,2.2374739959145202e-07
zones_at_reverse_rating,0.0
nonres_heat_pump_mw_th,0.0
nonres_heat_pump_cost_mgbp,0.0
cost_incl_nonres_mgbp,84.99919506282845
nonres_cost_mgbp,23.938546684661464
local_pv_to_nonres_mgbp,-2.2374739959145202e-07
reverse_to_nonres_carbon_value_mgbp,4.199350271534175e-08
reverse_to_nonres_emissions_kt,1.5376602971564173e-07
dh_heat_gwh,0.0
dh_losses_gwh,0.0
dh_pipe_cost_mgbp,0.0
dh_connection_cost_mgbp,0.0
dh_pieces,0.0
dh_trunk_cost_mgbp,0.0
dh_trunk_losses_gwh,0.0
dh_site_connection_mw,0.0
dh_site_connection_cost_mgbp,0.0
dh_site_losses_gwh,0.0
dh_heat_from_hp_gwh,0.0
dh_heat_from_boiler_gwh,0.0
dh_heat_from_chp_gwh,0.0
dh_plant_hp_capacity_mw_th,0.0
dh_boiler_capacity_mw_th,0.0
dh_eboiler_capacity_mw_th,0.0
dh_tank_mwh,0.0
dh_tank_cycled_gwh,0.0
dh_seasonal_store_mwh,0.0
dh_seasonal_store_mw,0.0
dh_seasonal_discharged_gwh,0.0
shedding_mwh,0.0
solve_seconds,175.6603102684021
n_variables,3500339.0
clean_heat_share_pct,8.254447710887852
community_scheme_share_pct,0.0
space_heat_reduction_pct,-0.10490120013742146
sum_of_group_peak_imports_mw,52.06727491375816
gsp_headroom_mw,40.0
coincident_import_peak_mw,60.176578521728516
ev_peak_mw,1.6949162483215332
nonres_peak_mw,17.129161834716797
n_scenarios,5.0
n_scenarios_expected,5.0
incomplete,0.0
