electricity_zone_id,dwellings,lon,lat,network_assignment_method
LSOA:E01030421,932,-0.7135283324,51.24307359,assumed_zone_lsoa
LSOA:E01030422,812,-0.7321089393,51.23799072,assumed_zone_lsoa
LSOA:E01030423,925,-0.7316759058,51.2319949,assumed_zone_lsoa
LSOA:E01030424,657,-0.7303460732,51.24527746,assumed_zone_lsoa
LSOA:E01030425,825,-0.7237252525,51.2436092,assumed_zone_lsoa
LSOA:E01030426,622,-0.7270883341,51.26076023,assumed_zone_lsoa
LSOA:E01030427,601,-0.7246343209,51.26493216,assumed_zone_lsoa
LSOA:E01030428,535,-0.722723225,51.2757636,assumed_zone_lsoa
LSOA:E01030429,710,-0.7257512363,51.27119723,assumed_zone_lsoa
LSOA:E01030430,610,-0.7197437598,51.26088862,assumed_zone_lsoa
LSOA:E01030431,615,-0.7194307202,51.25331049,assumed_zone_lsoa
LSOA:E01030432,691,-0.7135612514,51.25168385,assumed_zone_lsoa
LSOA:E01030433,698,-0.7242392217,51.24904533,assumed_zone_lsoa
LSOA:E01030440,654,-0.4990865321,51.26196693,assumed_zone_lsoa
LSOA:E01030441,532,-0.4545808008,51.26318387,assumed_zone_lsoa
LSOA:E01030442,553,-0.4278473843,51.26912379,assumed_zone_lsoa
LSOA:E01030443,539,-0.4270575486,51.28610664,assumed_zone_lsoa
LSOA:E01030444,644,-0.447747478,51.28122774,assumed_zone_lsoa
LSOA:E01030445,639,-0.4348766844,51.2724961,assumed_zone_lsoa
LSOA:E01030446,523,-0.4078599153,51.26973834,assumed_zone_lsoa
LSOA:E01030447,538,-0.3933560786,51.26809785,assumed_zone_lsoa
LSOA:E01030456,1,-0.5680332931,51.21912727,assumed_zone_lsoa
LSOA:E01030458,532,-0.4827736312,51.30400044,assumed_zone_lsoa
LSOA:E01030459,591,-0.494252723,51.29736444,assumed_zone_lsoa
LSOA:E01030462,2,-0.5248128527,51.24735919,assumed_zone_lsoa
LSOA:E01030465,604,-0.6842109242,51.25067169,assumed_zone_lsoa
LSOA:E01030466,744,-0.6650811294,51.25245989,assumed_zone_lsoa
LSOA:E01030471,480,-0.7130038132,51.21850669,assumed_zone_lsoa
LSOA:E01030472,508,-0.6592872898,51.20410286,assumed_zone_lsoa
LSOA:E01030473,673,-0.6430610015,51.29119068,assumed_zone_lsoa
LSOA:E01030474,530,-0.659365588,51.30524146,assumed_zone_lsoa
LSOA:E01030475,544,-0.5198910385,51.28384773,assumed_zone_lsoa
LSOA:E01030476,470,-0.5106207805,51.28817382,assumed_zone_lsoa
LSOA:E01030477,753,-0.5331620313,51.29145518,assumed_zone_lsoa
LSOA:E01030478,673,-0.6086257359,51.21136746,assumed_zone_lsoa
LSOA:E01030479,810,-0.549494718,51.21388646,assumed_zone_lsoa
LSOA:E01030480,816,-0.5654138658,51.21035511,assumed_zone_lsoa
LSOA:E01030486,1,-0.5971372386,51.26219657,assumed_zone_lsoa
LSOA:E01030490,699,-0.5043071263,51.2115307,assumed_zone_lsoa
LSOA:E01030491,822,-0.4626896743,51.21831147,assumed_zone_lsoa
LSOA:E01030492,807,-0.4349727829,51.19954017,assumed_zone_lsoa
LSOA:E01030494,1,-0.6139580214,51.24930859,assumed_zone_lsoa
LSOA:E01030496,1,-0.6080165996,51.24904927,assumed_zone_lsoa
LSOA:E01030499,648,-0.6175253716,51.26424277,assumed_zone_lsoa
LSOA:E01030500,615,-0.6065367532,51.25218348,assumed_zone_lsoa
LSOA:E01030501,676,-0.6013312186,51.26710963,assumed_zone_lsoa
LSOA:E01030502,527,-0.6317038502,51.25758117,assumed_zone_lsoa
LSOA:E01030503,552,-0.6202120038,51.24945635,assumed_zone_lsoa
LSOA:E01030504,489,-0.5708782431,51.26780775,assumed_zone_lsoa
SUB:SPN-R000000843506-000-002Z,13,-0.5521040336,51.26451384,spatial_inference_nearest_substation
SUB:SPN-R000000843508-000-011Z,23,-0.5395365558,51.23621564,spatial_inference_nearest_substation
SUB:SPN-R000000843508-000-016Z,10,-0.5326263617,51.23156605,spatial_inference_nearest_substation
SUB:SPN-R000000848207-000-055Z,5,-0.5546113126,51.21855364,spatial_inference_nearest_substation
SUB:SPN-R000000852112-000-063Z,7,-0.6140022684,51.2340703,spatial_inference_nearest_substation
SUB:SPN-R000000852112-000-073Z,7,-0.5945157942,51.23069567,spatial_inference_nearest_substation
SUB:SPN-R000000852116-000-001Z,100,-0.5966764443,51.26035361,spatial_inference_nearest_substation
SUB:SPN-S000000171105,23,-0.5721641995,51.23695875,spatial_inference_nearest_substation
SUB:SPN-S000000171605,7,-0.5789466304,51.24355696,spatial_inference_nearest_substation
SUB:SPN-S000000171606,163,-0.5813345276,51.24216619,spatial_inference_nearest_substation
SUB:SPN-S000000171608,115,-0.5857205896,51.2389454,spatial_inference_nearest_substation
SUB:SPN-S000000171609,67,-0.584821736,51.23985043,spatial_inference_nearest_substation
SUB:SPN-S000000171610,229,-0.584581321,51.23742162,spatial_inference_nearest_substation
SUB:SPN-S000000171611,80,-0.5991250691,51.24127685,spatial_inference_nearest_substation
SUB:SPN-S000000171612,14,-0.6076568119,51.23962049,spatial_inference_nearest_substation
SUB:SPN-S000000171613,81,-0.5999296644,51.23676427,spatial_inference_nearest_substation
SUB:SPN-S000000171614,97,-0.6031685279,51.23125096,spatial_inference_nearest_substation
SUB:SPN-S000000171615,34,-0.6137222897,51.23062099,spatial_inference_nearest_substation
SUB:SPN-S000000171616,106,-0.5987022759,51.23928039,spatial_inference_nearest_substation
SUB:SPN-S000000171617,139,-0.5948735128,51.23970086,spatial_inference_nearest_substation
SUB:SPN-S000000171618,178,-0.5932824754,51.23675313,spatial_inference_nearest_substation
SUB:SPN-S000000171619,285,-0.5891402951,51.237588,spatial_inference_nearest_substation
SUB:SPN-S000000171621,177,-0.5869042446,51.235601,spatial_inference_nearest_substation
SUB:SPN-S000000171622,64,-0.5896406468,51.2342303,spatial_inference_nearest_substation
SUB:SPN-S000000171623,99,-0.5852115705,51.23285361,spatial_inference_nearest_substation
SUB:SPN-S000000171624,110,-0.5946871319,51.23457205,spatial_inference_nearest_substation
SUB:SPN-S000000171625,139,-0.5979907629,51.23347713,spatial_inference_nearest_substation
SUB:SPN-S000000171626,110,-0.6006697372,51.23463214,spatial_inference_nearest_substation
SUB:SPN-S000000171629,10,-0.5720288335,51.23538543,spatial_inference_nearest_substation
SUB:SPN-S000000171630,118,-0.6021751102,51.24257597,spatial_inference_nearest_substation
SUB:SPN-S000000171631,199,-0.603396429,51.2449712,spatial_inference_nearest_substation
SUB:SPN-S000000171632,99,-0.606012969,51.24380498,spatial_inference_nearest_substation
SUB:SPN-S000000171633,133,-0.6108933012,51.24400006,spatial_inference_nearest_substation
SUB:SPN-S000000171634,133,-0.6057766326,51.24721821,spatial_inference_nearest_substation
SUB:SPN-S000000171635,148,-0.6101541289,51.24678526,spatial_inference_nearest_substation
SUB:SPN-S000000171636,155,-0.6130922141,51.24579199,spatial_inference_nearest_substation
SUB:SPN-S000000171637,155,-0.6121685257,51.2483244,spatial_inference_nearest_substation
SUB:SPN-S000000171647,119,-0.6148877408,51.24697099,spatial_inference_nearest_substation
SUB:SPN-S000000171648,69,-0.6169443771,51.24474433,spatial_inference_nearest_substation
SUB:SPN-S000000171669,12,-0.5754663132,51.23509339,spatial_inference_nearest_substation
SUB:SPN-S000000171674,153,-0.5810168101,51.23356667,spatial_inference_nearest_substation
SUB:SPN-S000000171675,144,-0.579105361,51.23118527,spatial_inference_nearest_substation
SUB:SPN-S000000171677,139,-0.5781920028,51.22851524,spatial_inference_nearest_substation
SUB:SPN-S000000171678,77,-0.5803260197,51.22626586,spatial_inference_nearest_substation
SUB:SPN-S000000171679,44,-0.5879512998,51.22828039,spatial_inference_nearest_substation
SUB:SPN-S000000171680,52,-0.5830481332,51.22994981,spatial_inference_nearest_substation
SUB:SPN-S000000171681,88,-0.5833066021,51.22771582,spatial_inference_nearest_substation
SUB:SPN-S000000171683,37,-0.5784918408,51.22612689,spatial_inference_nearest_substation
SUB:SPN-S000000171685,66,-0.5781556732,51.24027088,spatial_inference_nearest_substation
SUB:SPN-S000000171686,144,-0.5756742873,51.2402041,spatial_inference_nearest_substation
SUB:SPN-S000000171689,11,-0.5796996705,51.23566129,spatial_inference_nearest_substation
SUB:SPN-S000000171695,156,-0.5715607959,51.25224787,spatial_inference_nearest_substation
SUB:SPN-S000000171696,126,-0.5726407548,51.25728997,spatial_inference_nearest_substation
SUB:SPN-S000000171697,101,-0.5701174711,51.256968,spatial_inference_nearest_substation
SUB:SPN-S000000171698,141,-0.5682142497,51.25815863,spatial_inference_nearest_substation
SUB:SPN-S000000171699,8,-0.5649862529,51.25930115,spatial_inference_nearest_substation
SUB:SPN-S000000171700,132,-0.5727903956,51.25992923,spatial_inference_nearest_substation
SUB:SPN-S000000171702,4,-0.5713574663,51.26222607,spatial_inference_nearest_substation
SUB:SPN-S000000171705,174,-0.5591332843,51.24034499,spatial_inference_nearest_substation
SUB:SPN-S000000171706,116,-0.5609768353,51.2423794,spatial_inference_nearest_substation
SUB:SPN-S000000171708,46,-0.5655879606,51.24151524,spatial_inference_nearest_substation
SUB:SPN-S000000171709,105,-0.5551741626,51.24623895,spatial_inference_nearest_substation
SUB:SPN-S000000171710,121,-0.558499159,51.24500533,spatial_inference_nearest_substation
SUB:SPN-S000000171711,69,-0.5472113705,51.24317398,spatial_inference_nearest_substation
SUB:SPN-S000000171712,166,-0.5419572702,51.24065961,spatial_inference_nearest_substation
SUB:SPN-S000000171713,98,-0.5370299899,51.24136515,spatial_inference_nearest_substation
SUB:SPN-S000000171714,94,-0.5507713991,51.24079657,spatial_inference_nearest_substation
SUB:SPN-S000000171715,109,-0.5545717523,51.2430051,spatial_inference_nearest_substation
SUB:SPN-S000000171716,115,-0.5506615765,51.24342417,spatial_inference_nearest_substation
SUB:SPN-S000000171717,127,-0.5761988622,51.24723048,spatial_inference_nearest_substation
SUB:SPN-S000000171719,263,-0.5763489128,51.25483421,spatial_inference_nearest_substation
SUB:SPN-S000000171720,149,-0.5755352665,51.25212032,spatial_inference_nearest_substation
SUB:SPN-S000000171721,124,-0.5757999825,51.25803019,spatial_inference_nearest_substation
SUB:SPN-S000000171722,181,-0.5813514515,51.25913358,spatial_inference_nearest_substation
SUB:SPN-S000000171723,145,-0.5781904766,51.26200252,spatial_inference_nearest_substation
SUB:SPN-S000000171724,127,-0.5809003338,51.26226542,spatial_inference_nearest_substation
SUB:SPN-S000000171725,115,-0.5829807704,51.26390002,spatial_inference_nearest_substation
SUB:SPN-S000000171730,149,-0.5999407726,51.24551598,spatial_inference_nearest_substation
SUB:SPN-S000000171731,139,-0.5969714453,51.24596312,spatial_inference_nearest_substation
SUB:SPN-S000000171732,147,-0.6003718061,51.24740583,spatial_inference_nearest_substation
SUB:SPN-S000000171733,182,-0.5995267455,51.25078546,spatial_inference_nearest_substation
SUB:SPN-S000000171734,147,-0.6015918731,51.25330334,spatial_inference_nearest_substation
SUB:SPN-S000000171740,70,-0.5850516596,51.25342235,spatial_inference_nearest_substation
SUB:SPN-S000000171741,268,-0.5796982446,51.25283129,spatial_inference_nearest_substation
SUB:SPN-S000000171742,104,-0.5854886081,51.25534248,spatial_inference_nearest_substation
SUB:SPN-S000000171743,145,-0.5815843423,51.25718055,spatial_inference_nearest_substation
SUB:SPN-S000000171744,268,-0.588481844,51.25435036,spatial_inference_nearest_substation
SUB:SPN-S000000171745,149,-0.58769761,51.25687363,spatial_inference_nearest_substation
SUB:SPN-S000000171746,209,-0.5866999804,51.25904214,spatial_inference_nearest_substation
SUB:SPN-S000000171749,117,-0.5925480326,51.26150163,spatial_inference_nearest_substation
SUB:SPN-S000000171773,119,-0.5900509532,51.25223838,spatial_inference_nearest_substation
SUB:SPN-S000000171774,198,-0.5936760797,51.25537168,spatial_inference_nearest_substation
SUB:SPN-S000000171775,160,-0.5959545617,51.25734634,spatial_inference_nearest_substation
SUB:SPN-S000000171780,295,-0.5972798,51.25373412,spatial_inference_nearest_substation
SUB:SPN-S000000171781,112,-0.5987616324,51.257939,spatial_inference_nearest_substation
SUB:SPN-S000000171789,151,-0.5949143656,51.24777327,spatial_inference_nearest_substation
SUB:SPN-S000000171790,142,-0.5909497282,51.2485763,spatial_inference_nearest_substation
SUB:SPN-S000000171791,2,-0.5742236059,51.23663699,spatial_inference_nearest_substation
SUB:SPN-S000000171792,50,-0.573122405,51.23750961,spatial_inference_nearest_substation
SUB:SPN-S000000171794,42,-0.570906756,51.23654929,spatial_inference_nearest_substation
SUB:SPN-S000000171795,187,-0.5736189236,51.24419121,spatial_inference_nearest_substation
SUB:SPN-S000000171796,105,-0.5708222372,51.24310061,spatial_inference_nearest_substation
SUB:SPN-S000000171797,377,-0.5733665893,51.24188008,spatial_inference_nearest_substation
SUB:SPN-S000000171798,196,-0.5721478007,51.24018867,spatial_inference_nearest_substation
SUB:SPN-S000000171802,69,-0.5700993584,51.23708878,spatial_inference_nearest_substation
SUB:SPN-S000000171804,212,-0.5667531896,51.23767043,spatial_inference_nearest_substation
SUB:SPN-S000000171806,171,-0.5683153259,51.24005677,spatial_inference_nearest_substation
SUB:SPN-S000000171807,152,-0.5635115649,51.23847798,spatial_inference_nearest_substation
SUB:SPN-S000000171808,131,-0.5610897608,51.23803039,spatial_inference_nearest_substation
SUB:SPN-S000000171810,151,-0.5562568828,51.23821133,spatial_inference_nearest_substation
SUB:SPN-S000000171811,95,-0.5537496057,51.23939379,spatial_inference_nearest_substation
SUB:SPN-S000000171812,160,-0.5638963205,51.23630889,spatial_inference_nearest_substation
SUB:SPN-S000000171813,199,-0.5594605721,51.2365492,spatial_inference_nearest_substation
SUB:SPN-S000000171814,164,-0.5558638033,51.23547248,spatial_inference_nearest_substation
SUB:SPN-S000000171815,122,-0.5487507124,51.23708961,spatial_inference_nearest_substation
SUB:SPN-S000000171816,50,-0.5441953428,51.23670335,spatial_inference_nearest_substation
SUB:SPN-S000000171817,25,-0.5419748145,51.23513258,spatial_inference_nearest_substation
SUB:SPN-S000000171821,32,-0.5420825126,51.23128821,spatial_inference_nearest_substation
SUB:SPN-S000000171822,18,-0.538865176,51.22550956,spatial_inference_nearest_substation
SUB:SPN-S000000171825,2,-0.5825879513,51.24499594,spatial_inference_nearest_substation
SUB:SPN-S000000171826,2,-0.583269118,51.24669151,spatial_inference_nearest_substation
SUB:SPN-S000000171827,1,-0.584890875,51.2449593,spatial_inference_nearest_substation
SUB:SPN-S000000171828,229,-0.5863108346,51.25181026,spatial_inference_nearest_substation
SUB:SPN-S000000171829,65,-0.5851752473,51.24925184,spatial_inference_nearest_substation
SUB:SPN-S000000171830,134,-0.5872344128,51.24916369,spatial_inference_nearest_substation
SUB:SPN-S000000171831,90,-0.5926732245,51.25026301,spatial_inference_nearest_substation
SUB:SPN-S000000171832,214,-0.5961333243,51.25019984,spatial_inference_nearest_substation
SUB:SPN-S000000171833,185,-0.5926694494,51.25353954,spatial_inference_nearest_substation
SUB:SPN-S000000171834,229,-0.5730273261,51.24745127,spatial_inference_nearest_substation
SUB:SPN-S000000171836,144,-0.5513046442,51.25106324,spatial_inference_nearest_substation
SUB:SPN-S000000171837,78,-0.5560119268,51.2535267,spatial_inference_nearest_substation
SUB:SPN-S000000171838,82,-0.5478951041,51.25679293,spatial_inference_nearest_substation
SUB:SPN-S000000171839,153,-0.5507656663,51.25925655,spatial_inference_nearest_substation
SUB:SPN-S000000171840,124,-0.5440069259,51.25809911,spatial_inference_nearest_substation
SUB:SPN-S000000171845,54,-0.5560687375,51.25088021,spatial_inference_nearest_substation
SUB:SPN-S000000171846,105,-0.5530167318,51.2489051,spatial_inference_nearest_substation
SUB:SPN-S000000171847,21,-0.5763236151,51.24597142,spatial_inference_nearest_substation
SUB:SPN-S000000171848,51,-0.5457158189,51.25069688,spatial_inference_nearest_substation
SUB:SPN-S000000171849,85,-0.5437105402,51.25246805,spatial_inference_nearest_substation
SUB:SPN-S000000171850,137,-0.5450984742,51.25520084,spatial_inference_nearest_substation
SUB:SPN-S000000171851,180,-0.5399784811,51.25778672,spatial_inference_nearest_substation
SUB:SPN-S000000171852,93,-0.5339908194,51.25527707,spatial_inference_nearest_substation
SUB:SPN-S000000171853,59,-0.5364323799,51.26139587,spatial_inference_nearest_substation
SUB:SPN-S000000171854,103,-0.5383514621,51.26273574,spatial_inference_nearest_substation
SUB:SPN-S000000171855,93,-0.5381441868,51.2647156,spatial_inference_nearest_substation
SUB:SPN-S000000171856,127,-0.5424884093,51.26161215,spatial_inference_nearest_substation
SUB:SPN-S000000171857,136,-0.5413013545,51.25073432,spatial_inference_nearest_substation
SUB:SPN-S000000171858,82,-0.5408128128,51.24883981,spatial_inference_nearest_substation
SUB:SPN-S000000171859,165,-0.5372350912,51.24994176,spatial_inference_nearest_substation
SUB:SPN-S000000171860,132,-0.5348308451,51.2483164,spatial_inference_nearest_substation
SUB:SPN-S000000171861,86,-0.5314305281,51.24612012,spatial_inference_nearest_substation
SUB:SPN-S000000171862,104,-0.5344925523,51.24426984,spatial_inference_nearest_substation
SUB:SPN-S000000171863,125,-0.532865923,51.24137539,spatial_inference_nearest_substation
SUB:SPN-S000000171864,176,-0.53859571,51.24306735,spatial_inference_nearest_substation
SUB:SPN-S000000171865,119,-0.5429008891,51.24255042,spatial_inference_nearest_substation
SUB:SPN-S000000171866,37,-0.5285758002,51.24445737,spatial_inference_nearest_substation
SUB:SPN-S000000171867,55,-0.5252532598,51.24399682,spatial_inference_nearest_substation
SUB:SPN-S000000171868,36,-0.5260854605,51.24179854,spatial_inference_nearest_substation
SUB:SPN-S000000171869,45,-0.5286600322,51.24616305,spatial_inference_nearest_substation
SUB:SPN-S000000171870,133,-0.5300649452,51.24786138,spatial_inference_nearest_substation
SUB:SPN-S000000171871,103,-0.5456968392,51.24914327,spatial_inference_nearest_substation
SUB:SPN-S000000171872,107,-0.5485948596,51.24799986,spatial_inference_nearest_substation
SUB:SPN-S000000171873,106,-0.5500206666,51.24522568,spatial_inference_nearest_substation
SUB:SPN-S000000171874,186,-0.5458793042,51.24081786,spatial_inference_nearest_substation
SUB:SPN-S000000171875,128,-0.5464590966,51.24616426,spatial_inference_nearest_substation
SUB:SPN-S000000171877,76,-0.5422911322,51.24618733,spatial_inference_nearest_substation
SUB:SPN-S000000171878,36,-0.5388325207,51.24620626,spatial_inference_nearest_substation
SUB:SPN-S000000171879,33,-0.5305276904,51.25737765,spatial_inference_nearest_substation
SUB:SPN-S000000171885,79,-0.5526669191,51.24755504,spatial_inference_nearest_substation
SUB:SPN-S000000171886,62,-0.5518439051,51.24593997,spatial_inference_nearest_substation
SUB:SPN-S000000171887,84,-0.5413385311,51.25416148,spatial_inference_nearest_substation
SUB:SPN-S000000171888,195,-0.5405793614,51.25272504,spatial_inference_nearest_substation
SUB:SPN-S000000171891,3,-0.5118574103,51.24793873,spatial_inference_nearest_substation
SUB:SPN-S000000171923,24,-0.5650184758,51.22182944,spatial_inference_nearest_substation
SUB:SPN-S000000171924,58,-0.5699065293,51.22498721,spatial_inference_nearest_substation
SUB:SPN-S000000171925,68,-0.5666505769,51.22743696,spatial_inference_nearest_substation
SUB:SPN-S000000171926,48,-0.5619948318,51.22934204,spatial_inference_nearest_substation
SUB:SPN-S000000171927,67,-0.5693572259,51.23171287,spatial_inference_nearest_substation
SUB:SPN-S000000171928,40,-0.5703809693,51.22897176,spatial_inference_nearest_substation
SUB:SPN-S000000171929,85,-0.5725152432,51.23229153,spatial_inference_nearest_substation
SUB:SPN-S000000171935,2,-0.5377005597,51.22038678,spatial_inference_nearest_substation
SUB:SPN-S000000171968,51,-0.5675361406,51.2225185,spatial_inference_nearest_substation
SUB:SPN-S000000171969,50,-0.5736802317,51.23396251,spatial_inference_nearest_substation
SUB:SPN-S000000171971,97,-0.5698436025,51.23461288,spatial_inference_nearest_substation
SUB:SPN-S000000171972,87,-0.5669598911,51.23601093,spatial_inference_nearest_substation
SUB:SPN-S000000171973,65,-0.5658648719,51.23362827,spatial_inference_nearest_substation
SUB:SPN-S000000171974,65,-0.5650923321,51.23103908,spatial_inference_nearest_substation
SUB:SPN-S000000171975,182,-0.56064466,51.23443736,spatial_inference_nearest_substation
SUB:SPN-S000000171976,109,-0.5584705866,51.23355588,spatial_inference_nearest_substation
SUB:SPN-S000000171979,1,-0.570953385,51.22231344,spatial_inference_nearest_substation
SUB:SPN-S000000172024,32,-0.6151197509,51.22953054,spatial_inference_nearest_substation
SUB:SPN-S000000172025,92,-0.6091695217,51.23066061,spatial_inference_nearest_substation
SUB:SPN-S000000173197,186,-0.5934864369,51.25882068,spatial_inference_nearest_substation
SUB:SPN-S000000173929,84,-0.5386396991,51.26053575,spatial_inference_nearest_substation
SUB:SPN-S000000173931,232,-0.5868420308,51.26494082,spatial_inference_nearest_substation
SUB:SPN-S000000173932,16,-0.6054388773,51.24834124,spatial_inference_nearest_substation
SUB:SPN-S000000173973,33,-0.5943419478,51.23308337,spatial_inference_nearest_substation
SUB:SPN-S000000173976,7,-0.5666872199,51.26249656,spatial_inference_nearest_substation
SUB:SPN-S000000173991,13,-0.5724193753,51.23510937,spatial_inference_nearest_substation
SUB:SPN-S000000173993,74,-0.5515636425,51.23648757,spatial_inference_nearest_substation
SUB:SPN-S000000174043,229,-0.5828577493,51.23534513,spatial_inference_nearest_substation
SUB:SPN-S000000174077,139,-0.5909285424,51.23949291,spatial_inference_nearest_substation
SUB:SPN-S000000174080,165,-0.5615418069,51.2359713,spatial_inference_nearest_substation
SUB:SPN-S000000174088,178,-0.5765822273,51.24456878,spatial_inference_nearest_substation
SUB:SPN-S000000174089,84,-0.5970695236,51.23771899,spatial_inference_nearest_substation
SUB:SPN-S000000174155,122,-0.5314542188,51.25019128,spatial_inference_nearest_substation
SUB:SPN-S000000174160,80,-0.6141944307,51.24412745,spatial_inference_nearest_substation
SUB:SPN-S000000174167,21,-0.5780168367,51.23744255,spatial_inference_nearest_substation
SUB:SPN-S000000174198,76,-0.5706389291,51.25366839,spatial_inference_nearest_substation
SUB:SPN-S000000174201,96,-0.5531553207,51.23766816,spatial_inference_nearest_substation
SUB:SPN-S000000174232,94,-0.6079136555,51.2485669,spatial_inference_nearest_substation
SUB:SPN-S000000174234,120,-0.590707481,51.26569804,spatial_inference_nearest_substation
SUB:SPN-S000000174239,311,-0.5694454628,51.24151452,spatial_inference_nearest_substation
SUB:SPN-S000000174301,245,-0.5764043315,51.24165803,spatial_inference_nearest_substation
SUB:SPN-S000000174543,51,-0.5766050067,51.23670315,spatial_inference_nearest_substation
SUB:SPN-S000000174619,89,-0.5271766071,51.24893556,spatial_inference_nearest_substation
SUB:SPN-S000000174640,199,-0.5289873859,51.25227516,spatial_inference_nearest_substation
SUB:SPN-S000000174670,1,-0.5900923007,51.24585649,spatial_inference_nearest_substation
SUB:SPN-S000000174673,208,-0.5374824876,51.25466638,spatial_inference_nearest_substation
SUB:SPN-S000000174692,133,-0.5365186232,51.2526424,spatial_inference_nearest_substation
SUB:SPN-S000000174710,12,-0.5762118152,51.23140688,spatial_inference_nearest_substation
SUB:SPN-S000000174720,114,-0.5772505287,51.23239756,spatial_inference_nearest_substation
SUB:SPN-S000000174722,210,-0.533630188,51.25143891,spatial_inference_nearest_substation
SUB:SPN-S000000174751,215,-0.571782837,51.23823443,spatial_inference_nearest_substation
SUB:SPN-S000000174777,145,-0.550941965,51.256387,spatial_inference_nearest_substation
SUB:SPN-S000000174785,185,-0.5950737492,51.26282677,spatial_inference_nearest_substation
SUB:SPN-S000000174792,239,-0.5537698307,51.25611303,spatial_inference_nearest_substation
SUB:SPN-S000000174793,126,-0.574278694,51.23865621,spatial_inference_nearest_substation
SUB:SPN-S000000174812,4,-0.6097852777,51.24950366,spatial_inference_nearest_substation
SUB:SPN-S000000174828,13,-0.6126889781,51.23968139,spatial_inference_nearest_substation
SUB:SPN-S000000174842,124,-0.5927234824,51.26424484,spatial_inference_nearest_substation
SUB:SPN-S000000174852,128,-0.550830331,51.25425705,spatial_inference_nearest_substation
SUB:SPN-S000000174889,1,-0.6124595904,51.24112052,spatial_inference_nearest_substation
SUB:SPN-S000000174894,12,-0.587600477,51.24758014,spatial_inference_nearest_substation
SUB:SPN-S000000174899,153,-0.548189858,51.26288298,spatial_inference_nearest_substation
SUB:SPN-S000000174914,9,-0.5629730864,51.26228553,spatial_inference_nearest_substation
SUB:SPN-S000000174925,129,-0.545801008,51.26394068,spatial_inference_nearest_substation
SUB:SPN-S000000174930,151,-0.5883494952,51.2503144,spatial_inference_nearest_substation
SUB:SPN-S000000174940,74,-0.5469294469,51.25921443,spatial_inference_nearest_substation
SUB:SPN-S000000174948,60,-0.5678308139,51.23687291,spatial_inference_nearest_substation
SUB:SPN-S000000174949,203,-0.5422572366,51.26409531,spatial_inference_nearest_substation
SUB:SPN-S000000174958,7,-0.5788990824,51.23671108,spatial_inference_nearest_substation
SUB:SPN-S000000174977,1,-0.6169649569,51.24042565,spatial_inference_nearest_substation
SUB:SPN-S000000174989,49,-0.5791474871,51.23520621,spatial_inference_nearest_substation
SUB:SPN-S000000175001,45,-0.5623189773,51.24059114,spatial_inference_nearest_substation
SUB:SPN-S000000175003,248,-0.5656709026,51.23994077,spatial_inference_nearest_substation
SUB:SPN-S000000175025,7,-0.5771788928,51.24785309,spatial_inference_nearest_substation
SUB:SPN-S000000175026,189,-0.5810888442,51.23949062,spatial_inference_nearest_substation
SUB:SPN-S000000175036,54,-0.5308849551,51.25646178,spatial_inference_nearest_substation
SUB:SPN-S000000175044,3,-0.5937884637,51.22435908,spatial_inference_nearest_substation
SUB:SPN-S000000175067,7,-0.5928233791,51.24561022,spatial_inference_nearest_substation
SUB:SPN-S000000175216,13,-0.5743570606,51.2347123,spatial_inference_nearest_substation
SUB:SPN-S000000175224,173,-0.6000417926,51.25574304,spatial_inference_nearest_substation
SUB:SPN-S000000175228,140,-0.5839971486,51.26113138,spatial_inference_nearest_substation
SUB:SPN-S000000175250,2,-0.5743973409,51.23619018,spatial_inference_nearest_substation
SUB:SPN-S000000175255,47,-0.5736279733,51.26113124,spatial_inference_nearest_substation
SUB:SPN-S000000175257,177,-0.5916715475,51.25665449,spatial_inference_nearest_substation
SUB:SPN-S000000175297,98,-0.5787871407,51.23841768,spatial_inference_nearest_substation
SUB:SPN-S000000175336,8,-0.6127909879,51.24320104,spatial_inference_nearest_substation
SUB:SPN-S000000175337,19,-0.5733047165,51.23487625,spatial_inference_nearest_substation
SUB:SPN-S000000181145,224,-0.5785918453,51.23369027,spatial_inference_nearest_substation
SUB:SPN-S000000181195,136,-0.5897122203,51.26336282,spatial_inference_nearest_substation
SUB:SPN-S000000181196,194,-0.5863090733,51.26253636,spatial_inference_nearest_substation
SUB:SPN-S000000181225,98,-0.5905770777,51.26055446,spatial_inference_nearest_substation
SUB:SPN-S000000181226,66,-0.5899756594,51.25926161,spatial_inference_nearest_substation
SUB:SPN-S000000181236,59,-0.5788881432,51.24512933,spatial_inference_nearest_substation
SUB:SPN-S000000181252,149,-0.5993082249,51.24363399,spatial_inference_nearest_substation
SUB:SPN-S000000181316,119,-0.567593149,51.25920819,spatial_inference_nearest_substation
SUB:SPN-S000000181331,6,-0.5627035197,51.26072107,spatial_inference_nearest_substation
SUB:SPN-S000000181361,101,-0.5467287437,51.25774561,spatial_inference_nearest_substation
SUB:SPN-S000000181539,272,-0.5821490885,51.2405605,spatial_inference_nearest_substation
