zone,rating_plus_reinforcement_mw,peak_import_mw,hours_above_95pct,utilisation,import_mwh,run
SUB:SPN-R000000852116-000-001Z,0.10914723472390013,0.10914723472390013,658.0192534375067,1.0,426.6075946149216,aggregated
SUB:SPN-S000000171733,0.29925000000000007,0.13001783983820747,0.0,0.4344789969530742,406.7686320144252,aggregated
SUB:SPN-S000000171734,0.47500000000000003,0.15407678184841223,0.0,0.32437217231244675,507.6805878944067,aggregated
SUB:SPN-S000000171745,0.47500000000000003,0.20112121038195238,0.0,0.4234130744883208,566.6596278586779,aggregated
SUB:SPN-S000000171749,0.29925000000000007,0.15591817810861583,0.0,0.5210298349494262,527.5820349316805,aggregated
SUB:SPN-S000000171774,0.76,0.20332130039256224,0.0,0.26752802683231874,642.4910070484469,aggregated
SUB:SPN-S000000171775,0.29925000000000007,0.17102347972571283,0.0,0.5715070333357153,582.400402579106,aggregated
SUB:SPN-S000000171780,0.47500000000000003,0.2955935455314234,0.0,0.6223022011187861,936.696468557454,aggregated
SUB:SPN-S000000171781,0.29925000000000007,0.19194367765567655,0.0,0.6414157983481253,555.9089065964301,aggregated
SUB:SPN-S000000171832,0.47500000000000003,0.24987518201241582,0.0,0.5260530147629806,751.2453088587713,aggregated
SUB:SPN-S000000171833,0.47500000000000003,0.2220818849762733,0.0,0.4675408104763648,620.3326205775916,aggregated
SUB:SPN-S000000173197,0.29925000000000007,0.18493293845846637,0.0,0.6179880984409902,591.9229764447592,aggregated
SUB:SPN-S000000174785,0.29925000000000007,0.2992499999999999,7.9452446987387475,0.9999999999999994,686.0130970649673,aggregated
SUB:SPN-S000000175224,0.76,0.19316010035050507,0.0,0.25415802677698035,639.6672901273532,aggregated
SUB:SPN-S000000175257,0.29925000000000007,0.17823890640066078,0.0,0.5956187348393007,583.5928766056359,aggregated
SUB:SPN-R000000852116-000-001Z,0.10914723472390013,0.10914723472401491,560.0,1.0000000000010516,427.8217251193256,replay
SUB:SPN-S000000171733,0.29925000000000007,0.13388522150649912,0.0,0.44740257813366446,414.729271110746,replay
SUB:SPN-S000000171734,0.47500000000000003,0.16912185172726563,0.0,0.35604600363634864,515.7673207885477,replay
SUB:SPN-S000000171745,0.47500000000000003,0.22192296759236377,0.0,0.46720624756287105,569.5136125258053,replay
SUB:SPN-S000000171749,0.29925000000000007,0.18352873382099613,0.0,0.6132956852831949,528.37600415081,replay
SUB:SPN-S000000171774,0.76,0.20332130037551943,0.0,0.26752802680989396,644.7505245967616,replay
SUB:SPN-S000000171775,0.29925000000000007,0.18397622433319863,0.0,0.6147910587575558,587.6689361115314,replay
SUB:SPN-S000000171780,0.47500000000000003,0.29921517635748185,0.0,0.6299266870683828,948.8021030192101,replay
SUB:SPN-S000000171781,0.29925000000000007,0.21929647268436003,0.0,0.7328202930137343,556.3041842766063,replay
SUB:SPN-S000000171832,0.47500000000000003,0.25819724319950904,0.0,0.5435731435779138,760.983547156321,replay
SUB:SPN-S000000171833,0.47500000000000003,0.22208188503058274,0.0,0.46754081059070046,627.5917780462473,replay
SUB:SPN-S000000173197,0.29925000000000007,0.18899553665215266,0.0,0.6315640322544782,596.3258721669231,replay
SUB:SPN-S000000174785,0.29925000000000007,0.299249999860494,11.0,0.9999999995338142,692.720440039284,replay
SUB:SPN-S000000175224,0.76,0.20577862742307296,0.0,0.2707613518724644,646.8299184923385,replay
SUB:SPN-S000000175257,0.29925000000000007,0.2256694758576463,0.0,0.7541168783881245,586.53764582387,replay
