zone,package,system,dwellings
SUB:SPN-R000000852116-000-001Z,R0,ashp,16.3517144
SUB:SPN-R000000852116-000-001Z,R0,dh_connection,5
SUB:SPN-R000000852116-000-001Z,R0,gas_boiler_existing,10.6482856
SUB:SPN-R000000852116-000-001Z,R0,gshp,0
SUB:SPN-R000000852116-000-001Z,R0,resistive,0
SUB:SPN-R000000852116-000-001Z,R1,ashp,4
SUB:SPN-R000000852116-000-001Z,R1,dh_connection,12.99999381
SUB:SPN-R000000852116-000-001Z,R1,gas_boiler_existing,11
SUB:SPN-R000000852116-000-001Z,R1,gshp,0
SUB:SPN-R000000852116-000-001Z,R1,resistive,0
SUB:SPN-R000000852116-000-001Z,R2,ashp,8
SUB:SPN-R000000852116-000-001Z,R2,ashp_underfloor,0
SUB:SPN-R000000852116-000-001Z,R2,dh_connection,8.000006193
SUB:SPN-R000000852116-000-001Z,R2,gas_boiler_existing,23
SUB:SPN-R000000852116-000-001Z,R2,gshp,0
SUB:SPN-R000000852116-000-001Z,R2,resistive,0
SUB:SPN-S000000171733,R0,ashp,0
SUB:SPN-S000000171733,R0,dh_connection,0
SUB:SPN-S000000171733,R0,gas_boiler_existing,24
SUB:SPN-S000000171733,R0,gshp,0
SUB:SPN-S000000171733,R0,other_fossil_existing,0
SUB:SPN-S000000171733,R0,resistive,1
SUB:SPN-S000000171733,R1,ashp,6
SUB:SPN-S000000171733,R1,dh_connection,13.46925801
SUB:SPN-S000000171733,R1,gas_boiler_existing,47.00025362
SUB:SPN-S000000171733,R1,gshp,0
SUB:SPN-S000000171733,R1,other_fossil_existing,0
SUB:SPN-S000000171733,R1,resistive,0
SUB:SPN-S000000171733,R2,ashp,0
SUB:SPN-S000000171733,R2,ashp_underfloor,0
SUB:SPN-S000000171733,R2,dh_connection,6.530741988
SUB:SPN-S000000171733,R2,gas_boiler_existing,46.99974638
SUB:SPN-S000000171733,R2,gshp,0
SUB:SPN-S000000171733,R2,other_fossil_existing,0
SUB:SPN-S000000171733,R2,resistive,0
SUB:SPN-S000000171734,R0,ashp,0
SUB:SPN-S000000171734,R0,dh_connection,29
SUB:SPN-S000000171734,R0,gas_boiler_existing,25
SUB:SPN-S000000171734,R0,gshp,0
SUB:SPN-S000000171734,R0,resistive,0
SUB:SPN-S000000171734,R1,ashp,12
SUB:SPN-S000000171734,R1,dh_connection,36.72458993
SUB:SPN-S000000171734,R1,gas_boiler_existing,5.000011292
SUB:SPN-S000000171734,R1,gshp,0
SUB:SPN-S000000171734,R1,resistive,0
SUB:SPN-S000000171734,R2,ashp,0
SUB:SPN-S000000171734,R2,ashp_underfloor,0
SUB:SPN-S000000171734,R2,dh_connection,21.27541007
SUB:SPN-S000000171734,R2,gas_boiler_existing,15.99998871
SUB:SPN-S000000171734,R2,gshp,0
SUB:SPN-S000000171734,R2,resistive,0
SUB:SPN-S000000171745,R0,ashp,0
SUB:SPN-S000000171745,R0,dh_connection,5
SUB:SPN-S000000171745,R0,gas_boiler_existing,0
SUB:SPN-S000000171745,R0,gshp,0
SUB:SPN-S000000171745,R0,resistive,0
SUB:SPN-S000000171745,R1,ashp,13
SUB:SPN-S000000171745,R1,dh_connection,4.000196008
SUB:SPN-S000000171745,R1,gas_boiler_existing,40.00110209
SUB:SPN-S000000171745,R1,gshp,0
SUB:SPN-S000000171745,R1,resistive,0
SUB:SPN-S000000171745,R2,ashp,10
SUB:SPN-S000000171745,R2,ashp_underfloor,0
SUB:SPN-S000000171745,R2,dh_connection,3.999803992
SUB:SPN-S000000171745,R2,gas_boiler_existing,66.99889791
SUB:SPN-S000000171745,R2,gshp,0
SUB:SPN-S000000171745,R2,resistive,6
SUB:SPN-S000000171749,R0,ashp,21
SUB:SPN-S000000171749,R0,dh_connection,15
SUB:SPN-S000000171749,R0,gas_boiler_existing,4
SUB:SPN-S000000171749,R0,gshp,0
SUB:SPN-S000000171749,R0,other_fossil_existing,0
SUB:SPN-S000000171749,R0,resistive,0
SUB:SPN-S000000171749,R1,ashp,9
SUB:SPN-S000000171749,R1,dh_connection,12
SUB:SPN-S000000171749,R1,gas_boiler_existing,18.99844392
SUB:SPN-S000000171749,R1,gshp,0
SUB:SPN-S000000171749,R1,other_fossil_existing,0
SUB:SPN-S000000171749,R1,resistive,0
SUB:SPN-S000000171749,R2,ashp,0
SUB:SPN-S000000171749,R2,ashp_underfloor,0
SUB:SPN-S000000171749,R2,dh_connection,2
SUB:SPN-S000000171749,R2,gas_boiler_existing,35.00155608
SUB:SPN-S000000171749,R2,gshp,0
SUB:SPN-S000000171749,R2,other_fossil_existing,0
SUB:SPN-S000000171749,R2,resistive,0
SUB:SPN-S000000171774,R0,ashp,2
SUB:SPN-S000000171774,R0,dh_connection,26
SUB:SPN-S000000171774,R0,gas_boiler_existing,21
SUB:SPN-S000000171774,R0,gshp,0
SUB:SPN-S000000171774,R0,resistive,0
SUB:SPN-S000000171774,R1,ashp,8
SUB:SPN-S000000171774,R1,dh_connection,34.99014763
SUB:SPN-S000000171774,R1,gas_boiler_existing,63.49999966
SUB:SPN-S000000171774,R1,gshp,0
SUB:SPN-S000000171774,R1,resistive,0
SUB:SPN-S000000171774,R2,ashp,0
SUB:SPN-S000000171774,R2,ashp_underfloor,0
SUB:SPN-S000000171774,R2,dh_connection,5.009852375
SUB:SPN-S000000171774,R2,gas_boiler_existing,35.50000034
SUB:SPN-S000000171774,R2,gshp,0
SUB:SPN-S000000171774,R2,resistive,0
SUB:SPN-S000000171775,R0,ashp,3.999999964
SUB:SPN-S000000171775,R0,dh_connection,66
SUB:SPN-S000000171775,R0,gas_boiler_existing,0
SUB:SPN-S000000171775,R0,gshp,0
SUB:SPN-S000000171775,R0,other_fossil_existing,0
SUB:SPN-S000000171775,R0,resistive,0
SUB:SPN-S000000171775,R1,ashp,2
SUB:SPN-S000000171775,R1,dh_connection,25.13053434
SUB:SPN-S000000171775,R1,gas_boiler_existing,0
SUB:SPN-S000000171775,R1,gshp,0
SUB:SPN-S000000171775,R1,other_fossil_existing,0
SUB:SPN-S000000171775,R1,resistive,0
SUB:SPN-S000000171775,R2,ashp,2
SUB:SPN-S000000171775,R2,ashp_underfloor,0
SUB:SPN-S000000171775,R2,dh_connection,57.86946566
SUB:SPN-S000000171775,R2,gas_boiler_existing,3
SUB:SPN-S000000171775,R2,gshp,0
SUB:SPN-S000000171775,R2,other_fossil_existing,0
SUB:SPN-S000000171775,R2,resistive,0
SUB:SPN-S000000171780,R0,ashp,10
SUB:SPN-S000000171780,R0,dh_connection,48
SUB:SPN-S000000171780,R0,gas_boiler_existing,26
SUB:SPN-S000000171780,R0,gshp,0
SUB:SPN-S000000171780,R0,other_fossil_existing,0
SUB:SPN-S000000171780,R0,resistive,0
SUB:SPN-S000000171780,R1,ashp,1
SUB:SPN-S000000171780,R1,dh_connection,62.50024094
SUB:SPN-S000000171780,R1,gas_boiler_existing,63.99061773
SUB:SPN-S000000171780,R1,gshp,0
SUB:SPN-S000000171780,R1,other_fossil_existing,0
SUB:SPN-S000000171780,R1,resistive,0
SUB:SPN-S000000171780,R2,ashp,0
SUB:SPN-S000000171780,R2,ashp_underfloor,0
SUB:SPN-S000000171780,R2,dh_connection,12.49975906
SUB:SPN-S000000171780,R2,gas_boiler_existing,71.00938227
SUB:SPN-S000000171780,R2,gshp,0
SUB:SPN-S000000171780,R2,other_fossil_existing,0
SUB:SPN-S000000171780,R2,resistive,0
SUB:SPN-S000000171781,R0,ashp,18
SUB:SPN-S000000171781,R0,dh_connection,13
SUB:SPN-S000000171781,R0,gas_boiler_existing,0
SUB:SPN-S000000171781,R0,gshp,0
SUB:SPN-S000000171781,R0,resistive,0
SUB:SPN-S000000171781,R1,ashp,18
SUB:SPN-S000000171781,R1,dh_connection,7.36080996
SUB:SPN-S000000171781,R1,gas_boiler_existing,11.40595705
SUB:SPN-S000000171781,R1,gshp,0
SUB:SPN-S000000171781,R1,resistive,0
SUB:SPN-S000000171781,R2,ashp,13
SUB:SPN-S000000171781,R2,ashp_underfloor,0
SUB:SPN-S000000171781,R2,dh_connection,13.63919004
SUB:SPN-S000000171781,R2,gas_boiler_existing,17.59404295
SUB:SPN-S000000171781,R2,gshp,0
SUB:SPN-S000000171781,R2,resistive,0
SUB:SPN-S000000171832,R0,ashp,16
SUB:SPN-S000000171832,R0,dh_connection,10
SUB:SPN-S000000171832,R0,gas_boiler_existing,0
SUB:SPN-S000000171832,R0,gshp,0
SUB:SPN-S000000171832,R0,other_fossil_existing,0
SUB:SPN-S000000171832,R0,resistive,0
SUB:SPN-S000000171832,R1,ashp,0
SUB:SPN-S000000171832,R1,dh_connection,5.500247838
SUB:SPN-S000000171832,R1,gas_boiler_existing,68.00092275
SUB:SPN-S000000171832,R1,gshp,0
SUB:SPN-S000000171832,R1,other_fossil_existing,0
SUB:SPN-S000000171832,R1,resistive,0
SUB:SPN-S000000171832,R2,ashp,17
SUB:SPN-S000000171832,R2,ashp_underfloor,0
SUB:SPN-S000000171832,R2,dh_connection,3.49975217
SUB:SPN-S000000171832,R2,gas_boiler_existing,87.99907725
SUB:SPN-S000000171832,R2,gshp,0
SUB:SPN-S000000171832,R2,other_fossil_existing,0
SUB:SPN-S000000171832,R2,resistive,2.999999974
SUB:SPN-S000000171833,R0,ashp,9
SUB:SPN-S000000171833,R0,dh_connection,19.00000001
SUB:SPN-S000000171833,R0,gas_boiler_existing,12
SUB:SPN-S000000171833,R0,gshp,0
SUB:SPN-S000000171833,R0,resistive,15
SUB:SPN-S000000171833,R1,ashp,0
SUB:SPN-S000000171833,R1,dh_connection,6
SUB:SPN-S000000171833,R1,gas_boiler_existing,88.01665922
SUB:SPN-S000000171833,R1,gshp,0
SUB:SPN-S000000171833,R1,resistive,4.999999918
SUB:SPN-S000000171833,R2,ashp,0
SUB:SPN-S000000171833,R2,ashp_underfloor,0
SUB:SPN-S000000171833,R2,dh_connection,0
SUB:SPN-S000000171833,R2,gas_boiler_existing,29.98334078
SUB:SPN-S000000171833,R2,gshp,0
SUB:SPN-S000000171833,R2,resistive,0
SUB:SPN-S000000173197,R0,ashp,4
SUB:SPN-S000000173197,R0,dh_connection,34
SUB:SPN-S000000173197,R0,gas_boiler_existing,19
SUB:SPN-S000000173197,R0,gshp,0
SUB:SPN-S000000173197,R0,resistive,4
SUB:SPN-S000000173197,R1,ashp,4
SUB:SPN-S000000173197,R1,dh_connection,30.50146565
SUB:SPN-S000000173197,R1,gas_boiler_existing,43.99990058
SUB:SPN-S000000173197,R1,gshp,0
SUB:SPN-S000000173197,R1,resistive,0
SUB:SPN-S000000173197,R2,ashp,0
SUB:SPN-S000000173197,R2,ashp_underfloor,0
SUB:SPN-S000000173197,R2,dh_connection,2.498534345
SUB:SPN-S000000173197,R2,gas_boiler_existing,44.00009942
SUB:SPN-S000000173197,R2,gshp,0
SUB:SPN-S000000173197,R2,resistive,0
SUB:SPN-S000000174785,R0,ashp,8
SUB:SPN-S000000174785,R0,dh_connection,1
SUB:SPN-S000000174785,R0,gas_boiler_existing,15
SUB:SPN-S000000174785,R0,gshp,0
SUB:SPN-S000000174785,R0,other_fossil_existing,0
SUB:SPN-S000000174785,R0,resistive,33
SUB:SPN-S000000174785,R1,ashp,0
SUB:SPN-S000000174785,R1,dh_connection,2
SUB:SPN-S000000174785,R1,gas_boiler_existing,13.50014072
SUB:SPN-S000000174785,R1,gshp,0
SUB:SPN-S000000174785,R1,other_fossil_existing,0
SUB:SPN-S000000174785,R1,resistive,0
SUB:SPN-S000000174785,R2,ashp,0
SUB:SPN-S000000174785,R2,ashp_underfloor,0
SUB:SPN-S000000174785,R2,dh_connection,0
SUB:SPN-S000000174785,R2,gas_boiler_existing,101.4998593
SUB:SPN-S000000174785,R2,gshp,0
SUB:SPN-S000000174785,R2,other_fossil_existing,0
SUB:SPN-S000000174785,R2,resistive,11
SUB:SPN-S000000175224,R0,ashp,3
SUB:SPN-S000000175224,R0,dh_connection,52
SUB:SPN-S000000175224,R0,gas_boiler_existing,17
SUB:SPN-S000000175224,R0,gshp,0
SUB:SPN-S000000175224,R0,other_fossil_existing,0
SUB:SPN-S000000175224,R0,resistive,0
SUB:SPN-S000000175224,R1,ashp,9
SUB:SPN-S000000175224,R1,dh_connection,61.21175767
SUB:SPN-S000000175224,R1,gas_boiler_existing,3.4999896
SUB:SPN-S000000175224,R1,gshp,0
SUB:SPN-S000000175224,R1,other_fossil_existing,0
SUB:SPN-S000000175224,R1,resistive,0
SUB:SPN-S000000175224,R2,ashp,0
SUB:SPN-S000000175224,R2,ashp_underfloor,0
SUB:SPN-S000000175224,R2,dh_connection,23.78824233
SUB:SPN-S000000175224,R2,gas_boiler_existing,3.5000104
SUB:SPN-S000000175224,R2,gshp,0
SUB:SPN-S000000175224,R2,other_fossil_existing,0
SUB:SPN-S000000175224,R2,resistive,0
SUB:SPN-S000000175257,R0,ashp,0
SUB:SPN-S000000175257,R0,dh_connection,1
SUB:SPN-S000000175257,R0,gas_boiler_existing,32
SUB:SPN-S000000175257,R0,gshp,0
SUB:SPN-S000000175257,R0,resistive,3
SUB:SPN-S000000175257,R1,ashp,0
SUB:SPN-S000000175257,R1,dh_connection,10.49806133
SUB:SPN-S000000175257,R1,gas_boiler_existing,27.00000129
SUB:SPN-S000000175257,R1,gshp,0
SUB:SPN-S000000175257,R1,resistive,0
SUB:SPN-S000000175257,R2,ashp,20
SUB:SPN-S000000175257,R2,ashp_underfloor,0
SUB:SPN-S000000175257,R2,dh_connection,21.50193867
SUB:SPN-S000000175257,R2,gas_boiler_existing,61.99999871
SUB:SPN-S000000175257,R2,gshp,0
SUB:SPN-S000000175257,R2,resistive,0
