,economic,min_reinforcement
objective_mgbp,34.62850956755521,34.62890775379913
r0_space_heat_gwh,274.44737616121864,274.44737616121864
grid_import_gwh,141.84424012823087,141.81783346512663
gas_gwh,123.21362824306277,123.32511860278456
oil_gwh,0.0,0.0
lpg_gwh,,
emissions_kt,24.303689395470787,24.32361016765157
useful_heat_gwh,248.10536126148773,248.10537417011602
dwellings,28662.0,28662.0
heat_pump_dwellings,8786.999584372315,8777.87454487879
resistive_dwellings,3089.1831379157206,3089.1838604027525
fossil_dwellings,16785.81569598153,16794.941526959046
dh_dwellings,0.0,0.0
retrofit_R1_dwellings,9998.010386086411,10026.979279763564
retrofit_R2_dwellings,8852.98835060037,8824.020663456802
heat_pump_capacity_mw_th,98.92783833071127,98.84023625479502
pv_mw,-2.620311253072769e-09,3.305958714277181e-10
reinforcement_mw,0.01955256933083606,0.009632379137825813
zones_at_rating,53.0,53.0
fabric_tes_mwh,323.5031585305085,323.27026706073525
fabric_tes_cycled_gwh,33.4808037749575,33.45864099720357
cylinder_mwh,2.306671883517444e-06,0.022500867845023587
shedding_mwh,-3.809527962130203e-06,0.0
solve_seconds,86508.55872607231,41562.356266736984
n_variables,35228421.0,35228421.0
clean_heat_share_pct,56.79422052408933,56.75512731884085
space_heat_reduction_pct,28.236587209701725,28.236583501005875
sum_of_group_peak_imports_mw,64.41002282663989,64.41002282663989
gsp_headroom_mw,40.0,40.0
n_scenarios,10.0,10.0
