ward,scenario,dwellings,cost_per_dw,tco2_per_dw,electrified_pct,hp_pct,clean_pct,sh_reduction_pct,at_rating_pct,grid_mwh_per_dw,gas_mwh_per_dw
Bellfields & Slyfield,bellfields_slyfield_td,2578.0,1078.7886861456984,1.198590444463127,16.182451848416488,7.29247452083,22.865705128040688,28.32156418209567,8.695652173913043,3.8693466577041233,6.404273814218186
Burpham,burpham_td,2707.0,1218.4518701645984,0.599355902293724,60.2511987376689,39.41632734504821,71.48752260584773,25.22304606437921,47.82608695652174,5.7814165697480755,2.902308937157737
Castle,castle_td,4228.0,1362.9029630493849,0.6831405459028449,54.35193529657387,40.657519361515256,71.28699846059034,31.411246953417997,18.181818181818183,6.079698630924136,3.31388667297038
Merrow,merrow_td,3943.0,1340.2379289392572,0.7455490099063722,51.05248809546881,47.324367348239,68.10762151320185,26.63519811890525,21.62162162162162,5.5989242600879745,3.729032086499629
Onslow,onslow_td,2536.0,1348.100040495195,0.8280569084435966,48.14668769470256,43.13880125947487,63.40209800450652,28.86408782646734,38.095238095238095,5.417403736688097,4.237851227500891
St Nicolas,st_nicolas_td,1239.0,1335.3657480792783,0.5571731713708846,58.1113792314757,47.53833680445964,77.31744393209134,28.7881788362542,17.647058823529413,6.056473912176221,2.6546906881700325
Stoke,stoke_td,3955.0,939.0178094769794,0.6263492757438301,41.795193259672935,18.786345776929718,58.2395292566588,26.12310011016884,18.75,4.327067334413946,3.067728599996109
Stoughton North,stoughton_north_td,2095.0,1130.261662988932,1.0378101090252585,26.539376353023137,20.14319606477123,38.26036685473526,26.59789990078366,14.285714285714286,4.1662234295183325,5.316865926031435
Stoughton South,stoughton_south_td,2497.0,1228.3524129932437,1.0085220313949437,37.404883594711784,30.476570614202018,48.67462800294079,29.205485959093373,11.764705882352942,4.5194201123881035,5.126337750234818
Westborough,westborough_td,2884.0,1137.2821707012174,1.3187433677143734,15.013868719562739,11.719833308954332,21.219728062561,28.91997685839141,3.125,3.490969887232653,6.943014951731543
