scenario,zone,rating_mw,dwellings,peak_import_mw,peak_hour,utilisation,reinforcement_mw,heat_pump_dwellings,resistive_dwellings,fossil_dwellings,retrofit_dwellings,pv_mw,fabric_tes_mwh,lon,lat
castle_td,SUB:SPN-R000000843508-000-011Z,0.095,23.0,0.0950000004949298,2021-01-15 15:00:00,0.9999999996136462,5.316334563279944e-10,22.999999147000317,0.0,0.0,8.999999840848108,-1.6400717420125608e-11,1.5948541722573375,-0.5385548430898726,51.23499080747922
castle_td,SUB:SPN-R000000843508-000-016Z,0.095,10.0,0.0553296893270343,2021-12-14 06:00:00,0.5824177804740687,3.124867696500033e-10,4.999999682039144,0.0,4.999999654038994,6.999999479909468,7.872501136331468e-12,0.3017500368725255,-0.5312237493774533,51.23175480213702
castle_td,SUB:SPN-R000000848207-000-055Z,0.0475,5.0,0.0375981953903252,2021-12-13 18:00:00,0.7915409510027529,2.7502612594763707e-10,4.999999049797854,0.0,0.0,0.0,1.7234815642231415e-11,0.2133541666389486,-0.5547817575008412,51.21786658324174
castle_td,SUB:SPN-S000000171629,1.9,10.0,0.0285157582571871,2021-01-19 06:00:00,0.0150082938171719,3.038643759235221e-10,0.0,3.999999644792673,5.999999863409808,3.999999926934208,-9.898516163706716e-12,0.0606250008071654,-0.5722485361451093,51.23545892350992
castle_td,SUB:SPN-S000000171669,0.95,11.0,0.0333248323177842,2021-12-13 08:00:00,0.0350787708494322,3.0855180569478975e-10,0.0,3.999997755270005,7.00000003773626,6.999997789669629,-3.4620773475092406e-11,0.056138889131127,-0.5755525411869266,51.23538761791187
castle_td,SUB:SPN-S000000171705,0.475,174.0,0.3560880004213993,2021-12-13 07:00:00,0.7496589475849333,4.2493458106468147e-10,23.99999934551918,23.99999536549038,125.99999967825175,111.99999558034771,-3.4012992528757114e-11,1.254021537657294,-0.5586728214515678,51.24031638864756
castle_td,SUB:SPN-S000000171706,0.7125,116.0,0.3611051412554577,2021-01-19 06:00:00,0.5068142330577904,3.981379791430831e-10,42.99999925791416,17.999977108690114,54.99999919070234,93.99997555051496,-2.3375067512129767e-11,1.8313683794507896,-0.5617707598015899,51.24226888332549
castle_td,SUB:SPN-S000000171709,0.475,105.0,0.2929395686776188,2021-12-14 18:00:00,0.6167148809182854,3.9148285128052316e-10,62.99999576848224,1.9999995007974416,39.99999987218253,38.99999683033713,-1.0362176110682314e-10,1.866691451113321,-0.5555042010624976,51.24680293446011
castle_td,SUB:SPN-S000000171710,0.76,121.0,0.7600000002529694,2021-01-15 15:00:00,0.9999999997663396,4.3055127301140184e-10,66.99999829403085,42.9999980640959,10.999999995704815,79.99999719865373,-6.09131529297131e-12,4.992701949222695,-0.5589212178393876,51.244929609286665
castle_td,SUB:SPN-S000000171714,0.475,94.0,0.4441791997783644,2021-12-14 06:00:00,0.9351141040421086,3.8322903524802346e-10,93.99999607499902,0.0,0.0,75.99999645633,-9.989806847652609e-11,3.313479132789149,-0.5507337843405825,51.24091028929863
castle_td,SUB:SPN-S000000171715,0.95,105.0,0.4873827002754238,2021-12-14 06:00:00,0.5130344211020385,4.4536453041975225e-10,73.99999705353386,11.99999965080879,18.99999994587577,69.99999804246669,-1.28474836607311e-10,3.1085645204799146,-0.554991889009003,51.24268763556172
castle_td,SUB:SPN-S000000171716,0.29925,115.0,0.2992500003304883,2021-01-15 15:00:00,0.999999999640739,4.3799714128055336e-10,63.99999654502356,17.99999870951827,32.99999926017132,63.99999746360479,-4.1096128797428005e-11,2.5164311259258394,-0.5502847763399686,51.24337409153853
castle_td,SUB:SPN-S000000171794,0.7125,33.0,0.057711699122451,2021-12-13 08:00:00,0.0809988759251572,3.1823256776585803e-10,10.999998509529972,0.9999991493664374,20.99999940820717,15.999998307506775,3.237495681923494e-11,0.2172487722747718,-0.5713695298819204,51.23645727955376
castle_td,SUB:SPN-S000000171804,1.9,211.0,0.7976789498400859,2021-01-19 15:00:00,0.4198310261547773,3.4778029415575226e-10,13.99999987297693,81.99999450697095,114.99999781661592,79.99999495529262,-1.0346256152648476e-11,1.8136706877475752,-0.5674189744847411,51.23808457203516
castle_td,SUB:SPN-S000000171807,0.475,152.0,0.4551125957840327,2021-12-13 07:00:00,0.9581317798214926,3.8494056481343324e-10,32.99999981965264,41.99999868572858,76.99999909232403,116.99999792121255,-9.955584218016872e-11,1.539508525727926,-0.5633256397798956,51.23856118193391
castle_td,SUB:SPN-S000000171808,0.475,130.0,0.3583418392488682,2021-01-19 06:00:00,0.7544038714697493,3.9864240617384797e-10,24.999999917234597,29.9999970344714,74.99999842096987,129.99999537267587,-3.5841333458008544e-11,1.4379423151673525,-0.5611105181651986,51.23811245960913
castle_td,SUB:SPN-S000000171810,0.475,137.0,0.2264703434133207,2021-12-13 07:00:00,0.4767796699538923,3.88485365271615e-10,6.999999708365043,20.999994612496376,108.99999662353356,114.99999122102908,-6.681647056915899e-11,0.5028273726822565,-0.5561437964041113,51.23816398415951
castle_td,SUB:SPN-S000000171811,0.475,95.0,0.3422490620153601,2021-12-13 07:00:00,0.7205243405246274,3.694004875522498e-10,70.99999781370971,0.0,23.99999986162519,26.99999908659301,-3.6385508986884943e-11,2.73416664773086,-0.5533017272186312,51.2394233510922
castle_td,SUB:SPN-S000000171812,0.76,160.0,0.3453550596128762,2021-12-13 07:00:00,0.4544145518729566,4.168642665605563e-10,28.999999985060256,23.999995341946484,106.99999907414552,118.99999569363456,-9.03435921977008e-11,1.4353752038615657,-0.5635507730489108,51.23604052998907
castle_td,SUB:SPN-S000000171813,0.475,199.0,0.3805484891426922,2021-12-13 07:00:00,0.8011547132447521,4.386605500307721e-10,28.99999986977791,32.999997982844235,136.99999830073267,117.99999769334418,-4.564688421983463e-12,1.5118412387175204,-0.5597021654400558,51.236751347291055
castle_td,SUB:SPN-S000000171814,0.475,164.0,0.4749999563900223,2021-12-13 07:00:00,0.9999999073069856,4.1920430398843344e-10,70.99999834346531,12.99999948573425,79.99999860600104,115.99999746377428,-1.2040982636211679e-10,2.800686964082601,-0.5561046063258412,51.23575494485009
castle_td,SUB:SPN-S000000171815,0.285,122.0,0.2850000003401557,2021-12-22 15:00:00,0.9999999996843356,4.3012008021066957e-10,39.999998253675386,11.999998049825964,69.9999979074979,97.99999561785458,-3.748388844945132e-11,1.9747010847307935,-0.5486819324014597,51.236684979514045
castle_td,SUB:SPN-S000000171816,0.475,50.0,0.3209401398461882,2021-12-14 06:00:00,0.6756634517755786,3.7413352537036135e-10,49.99999796357795,0.0,0.0,23.99999858322956,-8.303287443870623e-11,2.603729151657568,-0.5444590141492572,51.23663712881768
castle_td,SUB:SPN-S000000171817,0.19,25.0,0.1754979559090536,2021-12-14 06:00:00,0.9236734505413586,3.3149757620414227e-10,24.999999494352068,0.0,0.0,13.999999701005796,-2.4201187708631854e-11,1.4753958370484002,-0.5422864355806909,51.23469210921142
castle_td,SUB:SPN-S000000171821,0.285,32.0,0.2504359458033321,2021-12-13 07:00:00,0.8787226158039384,3.4050531944460595e-10,31.99999892287621,0.0,0.0,7.999999199246087,-1.521853240634398e-11,2.3726666715233558,-0.5402568015012539,51.232161755049205
castle_td,SUB:SPN-S000000171822,0.19,18.0,0.1147481987287483,2021-12-13 07:00:00,0.6039378869492746,3.450457229659398e-10,14.999999324448266,0.999999367163273,1.9999999721794823,2.9999993393427555,-5.280888947244429e-12,0.8005416611742809,-0.5391049597915015,51.225936581166216
castle_td,SUB:SPN-S000000171873,0.475,106.0,0.1668152433409208,2021-01-19 06:00:00,0.3511899856951548,3.8646410548711034e-10,17.999996721108772,5.99999733399962,81.99999989986527,84.99999498073805,-7.618902167897578e-11,0.5762059074471487,-0.5502749685500403,51.245540905485726
castle_td,SUB:SPN-S000000171885,0.285,79.0,0.1171955165108429,2021-12-13 07:00:00,0.4112123380810515,3.836054731909561e-10,11.999997386083468,2.999995427830247,63.9999994743056,67.99999246888723,-1.703881410351297e-11,0.4952536507309861,-0.5524836023869095,51.24724769915234
castle_td,SUB:SPN-S000000171886,0.475,62.0,0.216715893887948,2021-12-13 07:00:00,0.4562439867396247,4.090494273029277e-10,27.99999606237693,5.999997339343,27.999999262951405,34.99999343782152,-1.3492655046564807e-10,1.1514382108067482,-0.5512830992249481,51.246254008235546
castle_td,SUB:SPN-S000000171923,0.19,23.0,0.1639064333393972,2021-12-14 06:00:00,0.8626654370757573,3.41967249915669e-10,22.99999105447744,0.0,0.0,22.999991054477444,-4.0807499596359976e-11,1.2616458358910123,-0.5645505305848437,51.22120492785615
castle_td,SUB:SPN-S000000171924,0.475,58.0,0.2950430084697102,2021-12-13 07:00:00,0.6211431752480268,3.6529018599161185e-10,57.99999688440443,0.0,0.0,29.999999282318555,-9.992129195096525e-11,2.172666655205575,-0.5711360247897219,51.22527868306462
castle_td,SUB:SPN-S000000171925,0.475,67.0,0.4750000002050239,2021-01-15 15:00:00,0.9999999996155964,3.8761567406375347e-10,66.99999819300938,0.0,0.0,54.999998476675984,1.2740766760443644e-11,3.9306249988403232,-0.5662646724934896,51.22754468566985
castle_td,SUB:SPN-S000000171926,0.29925,47.0,0.2992500000378451,2021-01-15 15:00:00,0.9999999988754656,3.7436200614378557e-10,46.99999723347355,0.0,0.0,34.99999785631876,-9.403442457058842e-11,2.619937488548913,-0.5624046160713664,51.22930774157992
castle_td,SUB:SPN-S000000171927,0.475,67.0,0.4131386224962486,2021-12-14 06:00:00,0.8697655203197497,3.9593139672204456e-10,66.99999610376715,0.0,0.0,31.99999918687084,-3.611856186122608e-11,3.067145805600888,-0.5697591736279171,51.23162579341958
castle_td,SUB:SPN-S000000171928,0.475,40.0,0.1905742496110464,2021-12-13 07:00:00,0.4012089462603139,3.424581919255881e-10,25.99999841021661,0.0,13.99999990040141,9.999998671143691,-1.2630481453984578e-11,1.5430833405145172,-0.5720172362521695,51.22882177580002
castle_td,SUB:SPN-S000000171929,0.475,83.0,0.1234900557457311,2021-12-13 07:00:00,0.2599790645174384,3.844459579501469e-10,0.0,10.999997899275558,71.99999973028699,57.99999782317221,-1.1164247592908429e-10,0.2430320202767133,-0.5729923349652412,51.23231728273908
castle_td,SUB:SPN-S000000171935,0.285,2.0,0.0119993361129247,2021-12-14 06:00:00,0.0421029336854248,2.987607360686094e-10,1.9999997664391036,0.0,0.0,0.0,-3.6737315240164635e-11,0.1030624999702761,-0.5334082526594622,51.2174844637847
castle_td,SUB:SPN-S000000171968,0.285,51.0,0.2850000002974495,2021-01-15 15:00:00,0.9999999996600912,3.9432356998557053e-10,50.9999987120949,0.0,0.0,32.999999120235074,-4.2783088434021046e-11,2.6998541683855777,-0.5678682880671916,51.22161462511488
castle_td,SUB:SPN-S000000171969,0.475,41.0,0.1387853896230673,2021-12-13 08:00:00,0.292179767430445,3.2037135727721286e-10,16.999999717373736,3.999999339371318,19.99999930343435,19.9999995658475,-2.696703722583752e-11,0.7156851884254708,-0.5733328289637385,51.234246902141
castle_td,SUB:SPN-S000000171971,0.475,96.0,0.3690891215795611,2021-12-14 06:00:00,0.7770297290361179,3.6987662727932785e-10,52.99999777000208,10.999996187181692,31.99999926881859,79.99999380748437,-7.923057980376843e-11,1.7389461207355097,-0.5702848239398803,51.23460074012952
castle_td,SUB:SPN-S000000171972,0.475,87.0,0.3584127648638099,2021-12-14 06:00:00,0.7545531885753947,3.8499272282748247e-10,86.99999793102836,0.0,0.0,62.99999835288105,-4.264448093770128e-11,2.148916668638612,-0.5677057226822504,51.23578156549588
castle_td,SUB:SPN-S000000171973,0.475,64.0,0.2770941521329109,2021-12-13 07:00:00,0.5833561092788794,3.8645903233883777e-10,45.999998876100506,0.9999912899482803,16.99999871358206,53.99998928925698,-3.0615256671816004e-11,1.8005358846276636,-0.5656482570499244,51.2338785525333
castle_td,SUB:SPN-S000000171974,0.475,65.0,0.4749994982258399,2021-12-14 06:00:00,0.9999989428235994,3.846306610097376e-10,49.99999883216146,3.999999869923396,11.000000049620873,17.999999583335942,-4.820822206390126e-12,3.266233332429328,-0.5650647706988926,51.23095443718792
castle_td,SUB:SPN-S000000171975,0.475,182.0,0.3550698652837095,2021-12-13 07:00:00,0.7475155051593416,4.45505491190317e-10,57.9999961638524,5.9999982595466586,117.99999963795392,147.9999948722436,-7.576745932424569e-11,1.6104763258273849,-0.5610138910037717,51.23429075331972
castle_td,SUB:SPN-S000000171976,0.285,109.0,0.1469324789259163,2021-12-13 07:00:00,0.5155525568967796,4.079780233840538e-10,32.99999853069696,0.0,75.99999674717454,98.99999575212978,-8.248494663441953e-11,0.9323125097682282,-0.5580418402045144,51.233182938257
castle_td,SUB:SPN-S000000171979,0.29925,1.0,0.00655971657224,2021-12-13 19:00:00,0.0219205231951814,2.774589560093353e-10,0.999999888139097,0.0,0.0,0.999999888139097,3.055681624210834e-11,0.029583333335708,-0.5714593483444055,51.22061967243043
castle_td,SUB:SPN-S000000173991,0.95,13.0,0.0530586564223242,2021-01-19 06:00:00,0.0558512172676,3.2414967428984783e-10,0.0,12.000000010169336,0.9999998927979754,0.0,-4.4147807338756257e-11,0.1335416695611442,-0.5727780823073412,51.23518054506168
castle_td,SUB:SPN-S000000173993,0.475,74.0,0.1612304487348738,2021-01-19 06:00:00,0.3394325233772999,3.8492588371485286e-10,8.999998187616388,10.999999425612264,53.99999955393145,51.99999896464115,2.1016389032858524e-11,0.4965373400409207,-0.551111432753693,51.23632353608685
castle_td,SUB:SPN-S000000174080,0.29925,163.0,0.2992499998475729,2021-01-15 15:00:00,0.9999999979548913,4.5957169452935263e-10,23.99999949365488,33.999997434040246,104.99999911541178,114.99999651086009,-1.1495045724810516e-10,0.8904066578169308,-0.5616027041642705,51.2360590243742
castle_td,SUB:SPN-S000000174201,0.29925,92.0,0.2588472581642053,2021-12-13 07:00:00,0.8649866594335924,3.800090453060554e-10,21.99999890486708,13.99999852719548,55.99999936490423,69.999997091935,-8.542271534805392e-11,1.117379882483225,-0.552911884166337,51.23776453559155
castle_td,SUB:SPN-S000000174948,1.71,60.0,0.1920881428897152,2021-12-13 08:00:00,0.1123322472821855,3.3096440097627146e-10,0.0,31.999999379811243,27.999999678020917,8.999999851654984,-5.984689150207842e-11,0.3978812902362296,-0.5687122151688715,51.23706083588603
castle_td,SUB:SPN-S000000175001,0.76,45.0,0.1371877255416938,2021-12-13 07:00:00,0.1805101651065197,3.3648426633791024e-10,0.0,23.999997589872947,20.99999997450501,44.99999756437795,-1.3665631859368508e-10,0.2914763974513598,-0.5627613952815935,51.24161783807848
castle_td,SUB:SPN-S000000175216,0.76,13.0,0.0409029610253376,2021-12-13 08:00:00,0.0538196855380405,3.052204179208855e-10,4.999999929712502,2.9999999862279703,4.999999671659045,4.999999929712502,-2.4954117139800148e-11,0.1708333424545492,-0.573935972912838,51.23482502230885
castle_td,SUB:SPN-S000000175250,0.475,2.0,0.0147738093027169,2021-12-13 18:00:00,0.0311027564079809,2.869844093515134e-10,0.9999998351658266,0.0,0.999999858074164,0.999999858074164,3.2635505978555647e-11,0.0924791705218427,-0.5739149020626179,51.23605846067998
castle_td,SUB:SPN-S000000175337,0.475,19.0,0.0539863590591264,2021-12-13 15:00:00,0.1136554926678297,3.6872271661853365e-10,0.0,13.00000041891724,6.000000033522998,6.000000115193849,-2.436446383523969e-10,0.1259668788844296,-0.573326067454393,51.23503152088092
merrow_td,SUB:SPN-S000000171711,0.29925,69.0,0.2992500006782386,2021-03-20 15:00:00,0.9999999991353524,9.369844062710634e-10,68.99999413981718,0.0,0.0,41.99999785507633,1.4359119426334755e-10,2.8853333099356977,-0.5478341998235081,51.24291867729362
merrow_td,SUB:SPN-S000000171712,0.475,166.0,0.4045230953704957,2021-12-13 07:00:00,0.8516275675305767,9.317122251779083e-10,91.99999508333023,2.999998852392388,70.99999525980256,117.9999941486676,1.425034677721395e-10,2.444713721223867,-0.5413692140389779,51.24058021821186
merrow_td,SUB:SPN-S000000171713,0.475,98.0,0.2131012184278395,2021-12-13 18:00:00,0.4486341432058166,9.029108271892747e-10,33.99999382160104,3.999991389940362,59.99999775988694,84.99998438706494,1.4304100049330018e-10,0.909938555459215,-0.5371183280233043,51.24071965378618
merrow_td,SUB:SPN-S000000171848,0.475,51.0,0.1479779271561013,2021-12-13 07:00:00,0.3115324776533559,8.691140709506031e-10,20.99999826587724,0.9999809355465128,28.99999728742088,29.999978222967396,1.4255490942203478e-10,0.8135083995395537,-0.5455399173926232,51.25113544977184
merrow_td,SUB:SPN-S000000171849,0.475,85.0,0.1235529210823708,2021-12-13 20:00:00,0.2601114123213269,8.832392042438323e-10,13.99999893460628,5.999998826432253,64.99998547027293,30.999990618624476,1.4315603359997215e-10,0.4493985933624123,-0.5441509293620934,51.25241314492122
merrow_td,SUB:SPN-S000000171852,0.285,92.0,0.2096859545677306,2021-12-13 07:00:00,0.7357401891631938,8.919186903899491e-10,46.999996044896434,0.0,44.99999462269015,60.99999272067605,1.4279466870621766e-10,1.427895920028672,-0.5333084593409183,51.25598319736934
merrow_td,SUB:SPN-S000000171857,0.475,136.0,0.2232524838115923,2021-12-13 20:00:00,0.4700052281742418,9.123886780506581e-10,47.99999173557033,3.999975579041236,83.99999958050626,134.9999694782012,1.4250171197934148e-10,1.171277804985203,-0.5413249095494883,51.250615098472615
merrow_td,SUB:SPN-S000000171858,0.475,82.0,0.3171080673270686,2021-12-13 07:00:00,0.6675959299574221,8.946925981832577e-10,67.99999587093123,0.0,13.999997868699626,44.99999709540489,1.428138834010032e-10,2.517125005933284,-0.5413570310871562,51.24889960802541
merrow_td,SUB:SPN-S000000171859,0.7125,165.0,0.1914025554744398,2021-12-13 19:00:00,0.268635165229556,9.246040256569995e-10,0.99999937984446,9.99998834183389,153.99999107682902,146.99998880925492,1.4180870106690898e-10,0.196500106966536,-0.5374264811739402,51.25047407665291
merrow_td,SUB:SPN-S000000171860,0.95,132.0,0.1805056691649568,2021-12-13 19:00:00,0.1900059673597203,9.116687200352216e-10,1.9999995685172989,10.99999186591054,118.9999962961307,66.99999138572386,1.4249614850213358e-10,0.2514565900505941,-0.5345890424279305,51.24752881190784
merrow_td,SUB:SPN-S000000171861,0.475,86.0,0.2502530918853253,2021-12-13 07:00:00,0.5268486135013126,8.962762341516013e-10,47.99999635316878,4.99999530628093,32.99999782117966,56.9999914355742,1.429438509350059e-10,1.5374531100643825,-0.5310781515175237,51.24616809136268
merrow_td,SUB:SPN-S000000171862,0.475,102.0,0.3967665146919825,2021-12-13 07:00:00,0.835297924073182,9.065280674799207e-10,66.99999228353913,3.999999189496582,30.999999685991405,59.999993621149656,1.417459265064632e-10,2.7565423281781363,-0.5345024526842126,51.24448145018595
merrow_td,SUB:SPN-S000000171863,0.475,125.0,0.3768148054607981,2021-12-13 07:00:00,0.793294325757648,9.150643833367999e-10,70.99999675205376,4.999997970638849,48.99999790838258,83.99999382744315,1.4209944997917734e-10,2.369692448192861,-0.5325596543267869,51.24101151032634
merrow_td,SUB:SPN-S000000171864,0.475,176.0,0.3628377267530427,2021-12-13 07:00:00,0.7638688969259474,9.336912261907675e-10,57.99999262956681,2.999999590833061,114.99998588193536,115.99998030751178,1.4255530522685298e-10,1.7002627454452237,-0.5389733691356883,51.24302484722608
merrow_td,SUB:SPN-S000000171865,0.285,119.0,0.2850000012111165,2021-12-06 07:00:00,0.9999999997214196,1.29051197509681e-09,91.99999656026628,3.999995969841132,22.99999912819433,77.99999342364227,1.4396553273014188e-10,3.084974527743516,-0.5425658649762621,51.24255307648173
merrow_td,SUB:SPN-S000000171866,0.285,37.0,0.2594333790533392,2021-12-13 15:00:00,0.9102925553409852,8.581400012127619e-10,36.999998143271625,0.0,0.0,33.99999842701427,1.4299488878058803e-10,1.9807499871252543,-0.527869695969095,51.244654472805706
merrow_td,SUB:SPN-S000000171867,0.285,55.0,0.285000000320367,2021-03-20 15:00:00,0.999999998039472,8.791174662111006e-10,54.999988529638365,0.0,0.0,24.999990711650256,1.433508876561027e-10,2.3158749716885745,-0.5260834429268637,51.24404177205273
merrow_td,SUB:SPN-S000000171868,0.19,36.0,0.1900000008192536,2021-12-06 07:00:00,0.999999999356158,9.415836781411004e-10,35.99999792806629,0.0,0.0,30.999998749583156,1.4331345495598642e-10,2.0711666566548828,-0.5269992541907145,51.2413874372385
merrow_td,SUB:SPN-S000000171869,0.475,45.0,0.1129927591692747,2021-12-13 07:00:00,0.2378794925579697,8.585823724413128e-10,18.99999855137954,0.9999992455598736,24.99999134698626,44.99998914392568,1.4296519314311412e-10,0.6953285187765684,-0.5285776652357058,51.24632110481683
merrow_td,SUB:SPN-S000000171870,0.475,133.0,0.2064370000044158,2021-12-13 07:00:00,0.434604209706515,9.061605710892051e-10,39.999997519185584,0.0,92.99999451361305,39.9999968552028,1.4271450432283262e-10,1.299312547053463,-0.5304062502028635,51.24818845387829
merrow_td,SUB:SPN-S000000171871,0.475,103.0,0.436067558341324,2021-03-20 15:00:00,0.9180369631901292,8.99759687985779e-10,102.99999450247626,0.0,0.0,45.99999700977806,1.415769996223988e-10,3.2844999748249126,-0.5455506498114848,51.24916143835845
merrow_td,SUB:SPN-S000000171872,0.475,104.0,0.4443433534623149,2021-03-20 15:00:00,0.9354596897173114,9.050010991361556e-10,103.99999052814074,0.0,0.0,43.99999358847225,1.417972769056559e-10,3.4126458057897446,-0.5485884670123792,51.24774618398243
merrow_td,SUB:SPN-S000000171874,0.76,186.0,0.4637814643161018,2021-12-13 07:00:00,0.6102387680854271,9.35989752685397e-10,63.999994929899856,12.999995595013791,108.99999544669302,96.99999240395366,1.4245714457921688e-10,2.8369781471896727,-0.546227455676496,51.24119955831236
merrow_td,SUB:SPN-S000000171875,0.475,128.0,0.4750000006809295,2021-03-20 15:00:00,0.999999999445376,9.443759931051375e-10,110.99999435878532,16.999997850102723,0.0,87.9999936732516,1.424320727626201e-10,3.538145763984325,-0.5467875816676957,51.245940983556935
merrow_td,SUB:SPN-S000000171877,0.475,76.0,0.4419312652356644,2021-03-20 15:00:00,0.9303816092417908,9.091041719933819e-10,75.99998756713109,0.0,0.0,45.999988895602186,1.4261541741756967e-10,3.276229152151924,-0.5418124740796616,51.24649624163485
merrow_td,SUB:SPN-S000000171878,0.475,36.0,0.2089001671138705,2021-12-13 07:00:00,0.4397898247033116,8.635885739853498e-10,35.99999321086389,0.0,0.0,23.999995068463257,1.4277477453136226e-10,1.7434374874020484,-0.5387479373063498,51.2464335042787
merrow_td,SUB:SPN-S000000171879,0.475,33.0,0.0962558784196816,2021-12-13 08:00:00,0.2026439542170986,8.219333390556777e-10,19.99999770159806,0.9999988358359948,11.999999675037198,12.999998510873194,1.4116303672417375e-10,0.6930560813036872,-0.5319416763679269,51.25749055086825
merrow_td,SUB:SPN-S000000171887,0.475,84.0,0.1393387514269735,2021-12-13 07:00:00,0.2933447393006088,8.835485552558781e-10,23.99999777652552,4.999994252221072,54.99999223765956,47.99999508718979,1.432164116178964e-10,0.6340069146648356,-0.541400405257492,51.2541370424439
merrow_td,SUB:SPN-S000000171888,0.7125,195.0,0.2203679628872594,2021-12-13 07:00:00,0.3092883685618825,9.276720662430359e-10,11.999993082467723,26.9999306346445,155.99999496149636,175.99991872892588,1.4206306169848408e-10,0.4996466241691993,-0.5410987137937789,51.25273508841863
merrow_td,SUB:SPN-S000000171891,0.285,3.0,0.0048415701797513,2021-12-13 19:00:00,0.0169879655008172,7.074691523921214e-10,0.9999984487292832,0.0,1.999998958216466,0.999999283245228,1.236188026308112e-10,0.0140000045707811,-0.5043968292244697,51.25240721970978
merrow_td,SUB:SPN-S000000174155,0.29925,116.0,0.1729659193017925,2021-04-06 17:00:00,0.5779980577359448,9.071154991224919e-10,25.999998229319512,0.9999982289046632,88.99998837323227,96.99998732796652,1.42384893608147e-10,0.9782238736850608,-0.5308191521651712,51.25004731234343
merrow_td,SUB:SPN-S000000174619,0.285,89.0,0.2850000009003617,2021-12-06 07:00:00,0.9999999995829444,1.0192226171880808e-09,77.99999378234529,0.0,10.999998817853616,16.999998550736024,1.4391315371195898e-10,2.910125021942751,-0.5267803460115876,51.24897497044158
merrow_td,SUB:SPN-S000000174640,0.29925,199.0,0.2992500014386494,2021-03-20 15:00:00,0.9999999996779484,1.5350233326255727e-09,88.99999299665384,3.999997827611793,105.99999475728929,77.99999546452753,1.4397239574355378e-10,3.3133729219582886,-0.52833482842875,51.252000055904674
merrow_td,SUB:SPN-S000000174673,0.475,204.0,0.2774948212737241,2021-12-13 07:00:00,0.5841996225878697,9.320204424905851e-10,30.9999955644873,12.999983349139026,159.9999957369173,143.9999812492217,1.4247178477013076e-10,1.0086549350829097,-0.5376216875105032,51.254731629680194
merrow_td,SUB:SPN-S000000174692,0.475,133.0,0.1798731561360662,2021-12-13 08:00:00,0.3786803279839271,9.076279527684851e-10,30.999997647925884,0.9999990915375756,100.99999357819604,69.99999448035754,1.4251428631583148e-10,1.0001458834726449,-0.5360563918191279,51.252463298906896
merrow_td,SUB:SPN-S000000174722,0.285,210.0,0.285000001160848,2021-12-06 07:00:00,0.9999999996233284,1.268199489434935e-09,86.99996884204495,3.999992334512404,118.99999012357785,155.99995823684722,1.4319867578203408e-10,2.4248061157965157,-0.5343390178663364,51.25147636786643
merrow_td,SUB:SPN-S000000175036,0.475,54.0,0.2517130228929663,2021-12-13 08:00:00,0.5299221524806188,8.76869120127621e-10,53.99999727654149,0.0,0.0,15.99999853653348,1.4275356645270814e-10,2.055333319582427,-0.5320916845747391,51.25677539890021
stoke_td,SUB:SPN-S000000171105,0.29925,23.0,0.0219633760790427,2021-01-20 20:00:00,0.0733947403290931,4.845251295279537e-10,0.0,3.999999099870995,18.999999500136703,0.0,-4.9132149193316176e-11,0.0437719276908014,-0.5720739197079413,51.23639376404991
stoke_td,SUB:SPN-S000000171605,0.76,7.0,0.0145261396166069,2021-01-20 18:00:00,0.0191133415901063,4.251569568404343e-10,1.9999996034996093,0.0,4.99999844019334,0.999999647911712,-3.3588076609326776e-11,0.0420208427600599,-0.5803556810413482,51.24437549242065
stoke_td,SUB:SPN-S000000171606,1.235,163.0,0.1215985807851897,2021-03-10 18:00:00,0.0984603892601162,4.971151574373812e-10,0.0,0.9999993468124264,161.99999848039823,39.99999787217281,-2.4820634048635536e-10,0.0178715498087306,-0.5805335362845193,51.24168284444968
stoke_td,SUB:SPN-S000000171685,0.475,65.0,0.1267810231050981,2021-01-20 18:00:00,0.2669074167572594,5.447581445053046e-10,22.99999930448394,2.999999506624477,38.99999864123743,53.99999804408175,-2.429661488913956e-10,0.4719801289322819,-0.5785929118846621,51.2402967851385
stoke_td,SUB:SPN-S000000171686,0.475,144.0,0.4339807787679833,2021-01-20 18:00:00,0.9136437435999591,6.107443684266683e-10,76.99999794840542,4.999999157101785,61.99999880491748,90.9999968561153,-1.616846938765514e-10,1.6074906617766578,-0.576473484907825,51.24003981529365
stoke_td,SUB:SPN-S000000171708,0.475,46.0,0.1967738271897606,2021-12-14 06:00:00,0.4142606883633375,5.242480194554535e-10,45.99999560146712,0.0,0.0,21.999997292373404,-1.7932521853113586e-10,1.44458331227923,-0.5650061424111069,51.24127135447584
stoke_td,SUB:SPN-S000000171717,0.475,127.0,0.2538384528786947,2021-01-20 18:00:00,0.5343967421786211,6.434352392916426e-10,9.99999934345917,27.99999663238688,88.99999611538533,46.99999788089075,-1.9728877607838843e-10,0.525475894833796,-0.5777039452961167,51.24730578564284
stoke_td,SUB:SPN-S000000171791,0.7125,2.0,0.0007986197213781,2021-10-12 18:00:00,0.0011208697837308,4.1922379642266284e-10,0.0,0.0,1.9999996478903967,1.9999980014054304,-7.694415748465289e-11,1.4671753895370874e-09,-0.5749397629027956,51.23702527731773
stoke_td,SUB:SPN-S000000171792,0.95,41.0,0.1206219258452754,2021-01-20 18:00:00,0.1269704481952875,4.705998819872398e-10,0.0,17.999994654777808,22.99999937508597,28.99999412446266,-1.6382795289683612e-10,0.2146404228516176,-0.5739643452427443,51.2373870709055
stoke_td,SUB:SPN-S000000171795,0.475,182.0,0.4749999994650861,2021-12-14 06:00:00,0.999999997424602,6.884001468529893e-10,93.99999767389929,4.999998219034538,82.99999838116054,112.99999481649456,-2.550838182141574e-10,1.950988427291205,-0.5736093071426503,51.244721880815966
stoke_td,SUB:SPN-S000000171796,0.7125,103.0,0.328768677649392,2021-01-20 18:00:00,0.4614297226257742,6.03619316941063e-10,48.99999927750495,7.999998634434142,45.99999829401927,79.99999677085486,-2.4558662432494114e-10,1.300903786625471,-0.5706852571374565,51.24344910296502
stoke_td,SUB:SPN-S000000171797,0.7125,377.0,0.7124999997068894,2021-01-20 18:00:00,0.9999999984311276,8.247108422113824e-10,118.99999779437216,19.99999662767313,237.99999931061325,241.99999538612275,-2.5497469073787866e-10,2.564766346998092,-0.5729122952824205,51.241747968689474
stoke_td,SUB:SPN-S000000171798,0.76,196.0,0.4995494436399212,2021-12-12 15:00:00,0.6573018989918663,6.17832999797865e-10,35.99999886237944,48.99999657174695,110.99999871274387,90.9999962162918,-1.8177022242493868e-10,1.417416814294033,-0.5719047962688414,51.23986685832299
stoke_td,SUB:SPN-S000000171802,0.95,69.0,0.2123898868474771,2021-12-14 06:00:00,0.2235683018144649,5.534570153761082e-10,0.0,28.99999811152356,39.99999906429319,17.999999189884676,-2.2606874283750128e-10,0.4212927903079462,-0.5697981826207031,51.23691619313329
stoke_td,SUB:SPN-S000000171806,0.475,171.0,0.4682155241779106,2021-12-12 15:00:00,0.9857168916974832,6.306132201038576e-10,40.99999896093061,38.99999576579337,90.9999982043297,160.99999336953022,-1.5480243691823395e-10,1.7239073274066157,-0.5687014069589995,51.239651344756
stoke_td,SUB:SPN-S000000171825,0.95,2.0,0.0040150264676017,2021-01-20 19:00:00,0.0042263436483248,4.0060823067011147e-10,0.0,0.0,1.999999349826937,0.9999994746377148,-3.8990003343167866e-11,2.5381750196687047e-08,-0.582721213052079,51.244344761744586
stoke_td,SUB:SPN-S000000171826,0.475,2.0,0.0077343480558124,2021-12-14 06:00:00,0.0162828379981368,4.1131953387352407e-10,0.9999996919489916,0.0,0.9999998072516856,0.9999996919489916,8.643264603315486e-13,0.0405625058520796,-0.5827222394261927,51.24651912140143
stoke_td,SUB:SPN-S000000171834,0.475,227.0,0.4750000002584852,2021-01-14 06:00:00,0.9999999991933596,6.416394670131098e-10,40.99999878085768,102.9999953058293,82.99999709890685,91.99999556266464,-1.0498139219415644e-10,2.1231680135784496,-0.5723111528807298,51.246495904994326
stoke_td,SUB:SPN-S000000171847,0.475,19.0,0.0634537858468201,2021-12-14 06:00:00,0.1335869174341871,4.909260906568695e-10,14.999998404001133,0.0,3.9999992975318026,9.999998667190434,-1.3115120228051307e-10,0.4600208216809343,-0.5781822519020852,51.24605089942601
stoke_td,SUB:SPN-S000000174088,0.95,177.0,0.4634976723405106,2021-12-12 06:00:00,0.487892286372919,5.866819457580044e-10,31.99999963129671,75.99999837732516,68.99999856451727,78.9999978656108,-1.4814346402152283e-10,1.4957574861948306,-0.5770735125272197,51.24452178515854
stoke_td,SUB:SPN-S000000174167,0.76,21.0,0.0205409921214814,2021-01-20 18:00:00,0.0270276211966736,4.4433924077771533e-10,0.0,3.999999450848443,16.999999380769637,0.9999998334913036,-7.482910729871998e-11,0.0378342532831167,-0.5775652907548897,51.23745487756454
stoke_td,SUB:SPN-S000000174239,0.475,311.0,0.475000000768827,2021-12-28 15:00:00,0.9999999997538108,8.857669018703817e-10,50.99999885592418,74.99999655863613,184.999998351126,187.99999493400915,-1.7932663563961086e-10,1.9521249564112015,-0.5693962753638038,51.24161089003269
stoke_td,SUB:SPN-S000000174301,0.76,245.0,0.6564371180844583,2021-12-12 15:00:00,0.8637330493948007,6.30298598400686e-10,24.99999851457091,89.99998992407215,129.99999946101545,89.99998908922912,-1.8997859948281279e-10,1.5302305688028883,-0.5769345443182277,51.24166256262752
stoke_td,SUB:SPN-S000000174543,0.95,51.0,0.029458527506061,2021-01-20 18:00:00,0.0310089763068901,4.681029551751934e-10,1.9999999329030036,0.0,48.99999784916168,23.999999032799337,-2.419885156513409e-11,0.0612500094824961,-0.5769735731557942,51.23595820920465
stoke_td,SUB:SPN-S000000174751,0.29925,215.0,0.2992500003570626,2021-01-14 15:00:00,0.9999999990488286,6.417006409884173e-10,34.99999929249906,35.99999871859953,143.9999971822905,70.99999718748894,-1.9137730187184294e-10,1.0838256486720834,-0.5711551528819064,51.23855287594986
stoke_td,SUB:SPN-S000000174793,0.475,114.0,0.2114380108338442,2021-01-20 18:00:00,0.445132653856461,5.661801515189071e-10,9.999999443689054,13.999996353414446,89.99999965189659,40.99999670404547,-2.1933968138439376e-10,0.4642407819703302,-0.5748461258649692,51.23864415715205
stoke_td,SUB:SPN-S000000175003,0.475,233.0,0.4749999975097896,2021-12-12 15:00:00,0.9999999933797464,6.544100573488968e-10,26.99999987021961,62.99999108850498,142.9999974816076,122.99999193078834,-1.3018171385237274e-10,1.5547852971858505,-0.5652956122610523,51.24023208193044
stoke_td,SUB:SPN-S000000175025,0.475,7.0,0.0283696436526052,2021-01-20 18:00:00,0.0597255655278927,4.496607008063087e-10,0.0,5.999999442678238,0.9999997427697388,0.0,-5.735745334893535e-11,0.0615972221369849,-0.577877021945701,51.24815054390668
stoke_td,SUB:SPN-S000000175026,0.475,186.0,0.3710183835293408,2021-12-12 06:00:00,0.7810913328559681,5.412375377343141e-10,5.999999155732919,54.99999832209355,124.99999958743928,21.999997416334,-1.8809645532036982e-10,0.828144568729493,-0.5803864423944182,51.2396598258457
stoke_td,SUB:SPN-S000000175297,0.95,98.0,0.4458820269819243,2021-01-14 06:00:00,0.4693495018410765,4.962222547474002e-10,0.0,78.9999954365688,18.999999218220594,46.99999464819268,-1.6581705501396448e-10,0.9552729044961198,-0.5792255951672134,51.23841572565794
stoke_td,SUB:SPN-S000000181236,0.76,59.0,0.3983070000817459,2021-12-12 06:00:00,0.5240881576929339,4.4861944763916685e-10,0.999999533525469,57.99998860590842,0.0,11.99998948359584,-9.371933543671242e-11,0.8403958333043379,-0.5789594419837589,51.245186054503016
stoke_td,SUB:SPN-S000000181539,1.9,272.0,0.3509598124239582,2021-12-12 06:00:00,0.1847156907038388,4.6917774960368e-10,0.0,41.99999803023507,229.99999934591025,12.999999080009871,-1.1819067319601934e-10,0.5808419456344329,-0.5821622397328987,51.24047003244749
burpham_td,SUB:SPN-R000000843506-000-002Z,0.0475,13.0,0.0411148350505079,2021-04-06 17:00:00,0.8655754736867948,5.821000328021624e-11,6.999999821819892,0.0,5.999999660056627,6.999999821819892,9.531759999011432e-12,0.2372708420088029,-0.5515098865396744,51.26450352556616
burpham_td,SUB:SPN-S000000171836,0.475,144.0,0.475000000055663,2021-02-14 15:00:00,0.999999999965816,7.190055539241329e-11,78.99999944710837,38.99999948886011,25.99999994865952,89.99999904962489,9.994272426101436e-12,3.677867927577354,-0.5515109999083865,51.25162802213285
burpham_td,SUB:SPN-S000000171837,0.285,78.0,0.2850000000684068,2021-02-14 15:00:00,0.9999999999688688,7.727926204501051e-11,77.99999966577141,0.0,0.0,40.999999822243865,1.0060481541515203e-11,3.677395831073859,-0.5558096092295122,51.25378457670601
burpham_td,SUB:SPN-S000000171838,0.285,82.0,0.2850000000369202,2021-02-14 15:00:00,0.9999999999025876,6.468275579539998e-11,35.99999943899404,17.999999837062745,27.99999992412736,45.9999997611901,9.955565167596488e-12,1.5228315969224735,-0.547820192933229,51.25680608208352
burpham_td,SUB:SPN-S000000171839,0.475,153.0,0.4750000000614531,2021-02-14 15:00:00,0.999999999977081,7.233969962816293e-11,119.99999921090424,3.999999822638686,28.999999929755287,60.999999338407335,1.0005777086431399e-11,3.9633693164449193,-0.5504713489408423,51.258975078987206
burpham_td,SUB:SPN-S000000171840,0.475,124.0,0.2775035656115202,2021-02-14 06:00:00,0.5842180327863616,6.504157423387252e-11,1.999999984619133,31.99999910065626,89.9999995927404,82.99999892588741,9.89963961347068e-12,0.6576331838583415,-0.5450625575275693,51.25802480724554
burpham_td,SUB:SPN-S000000171845,0.19,54.0,0.1900000000708007,2021-02-14 15:00:00,0.9999999999573131,7.891127673728842e-11,53.99999966928205,0.0,0.0,43.99999973041605,1.0033526954102328e-11,2.4718958321319024,-0.5552079153513242,51.250402937496176
burpham_td,SUB:SPN-S000000171846,0.475,105.0,0.2771484223727278,2021-12-13 07:00:00,0.5834703628121944,6.330315701859869e-11,0.0,60.99999980582127,43.99999983912102,40.99999964870637,9.859535284552478e-12,0.8822036056327958,-0.5543068379985446,51.248519680106845
burpham_td,SUB:SPN-S000000171850,0.475,137.0,0.4749999997474255,2021-12-13 07:00:00,0.9999999993293808,6.596967461943666e-11,109.9999993468441,0.0,26.999999472888003,56.99999931646859,9.963083427157827e-12,3.405798086994028,-0.5449132504252475,51.25513262041033
burpham_td,SUB:SPN-S000000171851,0.475,180.0,0.2830464322931354,2021-12-13 07:00:00,0.5958872257949718,6.800589346847275e-11,50.99999964975185,0.9999993288991352,127.99999938729992,72.9999990161923,9.955873484629404e-12,1.498984857667811,-0.5398924332405044,51.25805696374113
burpham_td,SUB:SPN-S000000171853,0.475,59.0,0.0926606323497329,2021-12-13 18:00:00,0.1950750154467488,6.421750431450772e-11,11.99999988652884,0.0,46.99999940468663,30.99999964230682,9.888773913294724e-12,0.337875011218832,-0.5359168144004723,51.261115818979526
burpham_td,SUB:SPN-S000000171854,0.475,103.0,0.4062868301389158,2021-02-14 15:00:00,0.8553406949120276,6.512348591087129e-11,102.99999924924508,0.0,0.0,58.99999946091256,9.9311342374019e-12,3.1211666640782774,-0.5387777011967939,51.26233666061855
burpham_td,SUB:SPN-S000000171855,0.285,93.0,0.2850000000397383,2021-02-14 15:00:00,0.999999999905669,6.662265612011095e-11,29.99999873605617,31.999994071520632,30.99999987670608,66.99999289555748,9.971638241656266e-12,1.4101780137282574,-0.5375367192354865,51.26525048610589
burpham_td,SUB:SPN-S000000171856,0.475,127.0,0.3334437694770351,2021-12-13 07:00:00,0.7019868830132391,6.516730960746518e-11,57.99999924874904,9.999995924868836,58.99999923853727,85.99999520972452,9.955377408681342e-12,2.0764178864594447,-0.5418214114954777,51.261652372116
burpham_td,SUB:SPN-S000000173929,0.285,84.0,0.1859672029856593,2021-12-13 07:00:00,0.6525165015563401,6.452324496528295e-11,38.999999578012215,0.9999997214396604,43.999999728152325,42.99999966164175,9.910604899169926e-12,1.1630820332263343,-0.5384786263733077,51.26096390578545
burpham_td,SUB:SPN-S000000174777,0.29925,145.0,0.299250000068666,2021-02-14 15:00:00,0.9999999999726756,7.684282564556446e-11,79.99999767506392,40.99999057382408,23.99999926981547,86.99998847624653,1.0049839959067476e-11,2.691050593482779,-0.5504707995971215,51.25643283217795
burpham_td,SUB:SPN-S000000174792,0.29925,239.0,0.2992500008134071,2021-12-28 21:00:00,0.9999999999808628,8.191338455072941e-10,60.99999736783546,70.9999993885613,106.999999252603,159.9999966898152,1.0142362861005044e-11,2.597966856591664,-0.5537619789217786,51.25597455458855
burpham_td,SUB:SPN-S000000174852,0.29925,128.0,0.2890976960629856,2021-12-13 07:00:00,0.9660741720988024,6.461095113475363e-11,47.99999585279937,10.999998228535834,68.99999979201613,111.99999399905012,9.948723156807956e-12,1.7521757460453298,-0.5508290251118653,51.254186588849095
burpham_td,SUB:SPN-S000000174899,0.29925,153.0,0.2992500000296235,2021-12-03 15:00:00,0.9999999998823008,6.484501385633497e-11,4.9999999729777205,45.99999829018496,101.99999935062328,147.99999764080826,9.921962308679162e-12,0.8786222729223119,-0.5486572066239714,51.262929435295206
burpham_td,SUB:SPN-S000000174925,0.76,129.0,0.4253909080318984,2021-12-03 15:00:00,0.5597248789421216,6.411357285211881e-11,0.0,90.99999768242589,37.999999127412856,58.99999762034482,9.87934417205316e-12,0.9656526698296288,-0.5453446223623362,51.26455600053833
burpham_td,SUB:SPN-S000000174940,0.29925,74.0,0.2781860628882293,2021-12-13 14:00:00,0.9296109033587504,6.252428533646119e-11,34.99999969719346,29.999999947435093,8.999999973537475,11.999999895114012,9.872432715262802e-12,1.424269316850797,-0.5464656119752884,51.259159207560494
burpham_td,SUB:SPN-S000000174949,0.475,203.0,0.4750000000577547,2021-02-14 15:00:00,0.99999999997148,7.130177181976989e-11,55.99999775966652,66.99999746294905,79.99999964085605,159.99999505445925,9.987739302206157e-12,2.223842468036243,-0.5427544325273594,51.26413934336853
burpham_td,SUB:SPN-S000000181361,0.29925,100.0,0.0978139512980814,2021-12-13 07:00:00,0.3268636634173518,6.253027993243971e-11,2.999999971232004,8.999999922558603,87.99999991399064,35.999999840738006,9.862299873633778e-12,0.2282662729508146,-0.5462486887528265,51.2579432242332
westborough_td,SUB:SPN-R000000852112-000-063Z,0.0475,7.0,0.0055021032307372,2021-01-20 19:00:00,0.1158337521465326,3.2606224737446104e-11,0.0,0.0,6.999999860783783,5.999999941629014,8.32433373826215e-12,1.691554598988538e-09,-0.6148370455461488,51.23397081958654
westborough_td,SUB:SPN-S000000171611,0.475,80.0,0.119412569629546,2021-12-14 18:00:00,0.2513948834133663,3.2606235364116726e-11,17.999998193718657,0.0,61.99999968813741,59.999998097078304,7.762975696803512e-12,0.4414166719953635,-0.5989444251685285,51.24080921210666
westborough_td,SUB:SPN-S000000171612,0.475,14.0,0.0134619848122494,2021-01-15 19:00:00,0.0283410206554217,3.2606477335678604e-11,0.0,0.0,13.999999728962017,8.999999941213721,8.328532474659242e-12,2.321857659301213e-09,-0.6058033714108783,51.23945887193364
westborough_td,SUB:SPN-S000000171630,0.475,118.0,0.2123380724090355,2021-01-20 18:00:00,0.4470275208304414,3.2606245416432746e-11,6.999999957842617,11.999998884626262,98.99999975258454,110.9999986372108,7.569974436064437e-12,0.3626011946334183,-0.6028757891139961,51.24260144429549
westborough_td,SUB:SPN-S000000171631,0.475,199.0,0.1965604890676807,2021-01-20 18:00:00,0.4138115559035534,3.2606249405958697e-11,3.999999982415948,8.999998788252338,185.99999946458843,198.9999982352567,7.547627666904891e-12,0.2014552225020559,-0.6039220801452874,51.24465549776554
westborough_td,SUB:SPN-S000000171632,0.475,99.0,0.0906878356714914,2021-01-20 18:00:00,0.1909217592952973,3.260622185506018e-11,0.9999999480402246,1.9999995766902676,95.99999976481034,85.99999951633404,7.743283581748049e-12,0.0523302639993342,-0.6062374506990102,51.24424207262334
westborough_td,SUB:SPN-S000000171633,0.475,132.0,0.1481469498795884,2021-01-20 18:00:00,0.3118883155145662,3.260624187775e-11,1.999999866151006,6.999997447422203,122.99999983820464,89.99999723772221,7.574886380131564e-12,0.17191933578841,-0.610667393995527,51.24397150979449
westborough_td,SUB:SPN-S000000171634,0.475,133.0,0.1531164615544252,2021-01-20 18:00:00,0.3223504453556096,3.260626127080613e-11,16.999999477156635,1.999995153032128,113.99999983514424,126.99999467384276,7.650017392595e-12,0.3908505477229659,-0.6062990947700589,51.24725057628504
westborough_td,SUB:SPN-S000000171635,0.475,148.0,0.1551350426313602,2021-12-14 18:00:00,0.3266000897278127,3.2606243824875034e-11,0.0,13.99999891005262,133.99999959461013,133.99999850651886,7.615097875467918e-12,0.1782236639176868,-0.6097998217387832,51.24655179303186
westborough_td,SUB:SPN-S000000171636,0.475,155.0,0.1363642612042557,2021-12-14 19:00:00,0.2870826551471475,3.2606259735182506e-11,5.999999586522328,1.9999999456623003,146.9999998693546,148.9999998150169,7.644397214717151e-12,0.1256904487107341,-0.6134319990603669,51.245731419159085
westborough_td,SUB:SPN-S000000171637,0.475,155.0,0.1602114441234027,2021-01-20 18:00:00,0.3372872507629581,3.260626796223584e-11,3.999999763920776,6.999999691399202,143.9999999656985,115.99999965172132,7.664576351166245e-12,0.1648053486712347,-0.6121647105737886,51.248608454427504
westborough_td,SUB:SPN-S000000171647,0.475,118.0,0.148453673610929,2021-01-20 18:00:00,0.3125340496857652,3.2606254848675476e-11,1.999999937099928,8.999999349210983,106.9999995982867,47.999999306413656,7.52350105686009e-12,0.1730775891872001,-0.6153515288139648,51.24680958032442
westborough_td,SUB:SPN-S000000171648,0.475,68.0,0.0799423534142039,2021-01-20 18:00:00,0.1682996913867713,3.2606227007197115e-11,0.0,1.999999818328099,65.9999998939599,33.99999986139443,7.720600081828353e-12,0.0424989507174264,-0.6173066034625742,51.24482653425548
westborough_td,SUB:SPN-S000000171730,0.475,149.0,0.1228038753604313,2021-01-20 18:00:00,0.2585344744252663,3.260621857076613e-11,1.99999994217586,1.999999903679375,144.9999995454466,111.99999948875148,7.603894605350053e-12,0.0656063130692937,-0.599564830811322,51.24525659878792
westborough_td,SUB:SPN-S000000171731,0.475,139.0,0.1629802076457316,2021-01-20 18:00:00,0.3431162265990399,3.260626190978785e-11,5.99999996961987,3.999999313265756,128.99999972268938,132.9999990359551,7.650722398634452e-12,0.2074483884640118,-0.5968134533840103,51.24565150181866
westborough_td,SUB:SPN-S000000171732,0.76,147.0,0.1525712009229366,2021-01-15 19:00:00,0.2007515801531459,3.260625504690234e-11,7.999999940792333,3.9999976117786793,134.9999998654952,146.99999741806622,7.66611052966221e-12,0.2148894024978343,-0.6005596248885624,51.24757357095062
westborough_td,SUB:SPN-S000000171733,0.29925,145.0,0.1466925852274384,2021-01-20 18:00:00,0.4902007860031906,3.260626004600836e-11,12.999999897847214,1.999999572340693,129.99999954149024,119.99999930886752,7.650942686376037e-12,0.2431166731619853,-0.5999809645576584,51.25076659883082
westborough_td,SUB:SPN-S000000171789,0.475,151.0,0.2092597416235765,2021-01-20 18:00:00,0.4405468244404462,3.2606242081235676e-11,36.99999948531932,2.999999769092894,110.9999996119763,135.9999991019139,7.541762660462415e-12,0.9255376687922324,-0.5945035660387545,51.24758196593583
westborough_td,SUB:SPN-S000000171790,0.29925,142.0,0.2992500000305924,2021-03-20 15:00:00,0.9999999999836682,3.547966426595373e-11,84.99999830666239,3.99999958935184,52.99999997302509,91.9999981270701,7.66243730488268e-12,2.111967994198391,-0.5913901938894822,51.248514666233945
westborough_td,SUB:SPN-S000000171827,0.475,1.0,0.0023521631091038,2021-12-14 19:00:00,0.0049519223346154,3.260642268677864e-11,0.0,0.0,0.9999998799375504,0.9999998799375504,8.898419536109056e-12,9.022130398855445e-09,-0.5857187460729962,51.245564322962885
westborough_td,SUB:SPN-S000000171832,0.475,211.0,0.3006833578977022,2021-12-14 19:00:00,0.6330175955306566,3.260625070562642e-11,56.99999948511741,4.999999831942797,148.99999959989935,173.999999129251,7.685472974043811e-12,1.2893059926142092,-0.596264398710225,51.25012961693501
westborough_td,SUB:SPN-S000000173932,0.29925,16.0,0.0171819453594015,2021-01-20 18:00:00,0.0574166929240747,3.2606462525611794e-11,0.0,0.0,15.999999857434585,15.999999857434585,8.20193946271318e-12,2.7458713949005603e-09,-0.605180967470013,51.249072316433136
westborough_td,SUB:SPN-S000000174160,0.285,80.0,0.1616992341012952,2021-12-14 06:00:00,0.5673657336238442,3.2606224639751065e-11,47.99999963752448,1.9999991240327024,29.99999989142598,28.999999121643075,7.730441974317202e-12,0.979663922436609,-0.614595499236413,51.24387122766651
westborough_td,SUB:SPN-S000000174232,0.475,93.0,0.0938392657065891,2021-01-20 18:00:00,0.197556348842416,3.2606233493020326e-11,2.9999996343371715,0.9999999724756872,88.99999973475316,89.99999970722884,7.755848613550611e-12,0.0724783005403643,-0.6071266854823615,51.24892466344999
westborough_td,SUB:SPN-S000000174670,0.76,1.0,0.0011935956816213,2021-10-19 18:00:00,0.0015705206336449,3.260643959648468e-11,0.0,0.0,0.9999998842361408,0.0,9.045323130559136e-12,1.2274285414497524e-09,-0.5909327757089564,51.24601040506322
westborough_td,SUB:SPN-S000000174812,0.475,4.0,0.0054285443428769,2021-01-20 18:00:00,0.0114285144052721,3.2606413413986165e-11,0.9999998573235264,0.0,2.999999932131784,0.0,9.205104718620008e-12,0.0129583331812325,-0.6092524077010277,51.25113619209507
westborough_td,SUB:SPN-S000000174828,0.95,13.0,0.04923487809773,2021-12-14 06:00:00,0.051826187469516,3.2606462446499536e-11,8.999999866536173,0.0,3.99999990012778,3.99999990012778,8.304179989406885e-12,0.3198541654218283,-0.6139786680125286,51.23990363334117
westborough_td,SUB:SPN-S000000174889,0.95,1.0,0.0017722667074375,2021-01-20 19:00:00,0.0018655439025018,3.260644230526288e-11,0.0,0.0,0.9999999760700096,0.0,8.669327582887142e-12,8.102231426440521e-10,-0.6132008031095754,51.24141715359174
westborough_td,SUB:SPN-S000000174977,0.76,1.0,0.0043231113539936,2021-01-20 18:00:00,0.0056883044129055,3.260641682770567e-11,0.9999999838906848,0.0,0.0,0.9999999838906848,8.588484879375288e-12,0.0306249999669715,-0.6153722633330494,51.240517969863525
westborough_td,SUB:SPN-S000000175067,0.29925,7.0,0.033177927388008,2021-12-14 00:00:00,0.1108702669486816,3.260641815215448e-11,4.999999932431213,0.0,1.9999999500736632,1.9999999500736632,8.621717954098342e-12,0.2110625002731025,-0.5922884033963638,51.24590689076505
westborough_td,SUB:SPN-S000000175336,0.76,8.0,0.0171634591012875,2021-01-20 18:00:00,0.0225834988165147,3.2606465573945516e-11,0.0,0.9999990451389884,6.999999972501588,7.999999017640576,8.367520946759476e-12,0.0312118066545834,-0.6130378563556431,51.24249048373969
westborough_td,SUB:SPN-S000000181252,0.475,149.0,0.1381996669806204,2021-01-04 18:00:00,0.29094666730765,3.2606259230310176e-11,1.999999977797141,0.9999999441705936,145.9999993129585,146.99999925712905,7.619886512817895e-12,0.0717485221488354,-0.5994162257688723,51.24398864985076
onslow_td,SUB:SPN-S000000171608,0.475,115.0,0.1896654941397525,2021-12-14 06:00:00,0.3992957771363211,3.352487927861076e-20,24.0,7.000000000000009,84.0,115.0,5.045631033720349e-21,0.7229261458333336,-0.5853375879938791,51.23878760083429
onslow_td,SUB:SPN-S000000171609,0.29925,67.0,0.1219996417133289,2021-12-14 06:00:00,0.4076846840879829,3.355519611280741e-20,10.0,2.9999999999999982,54.0,57.0,3.846666510988218e-21,0.6288724798387098,-0.5842456761873994,51.23965768339848
onslow_td,SUB:SPN-S000000171610,0.95,229.0,0.534466263609423,2021-01-20 18:00:00,0.5625960669572874,3.360830193161451e-20,80.00000000000011,10.999999999999991,138.0,166.0,4.5989320178744025e-21,1.6971473280539515,-0.5854030008736636,51.237722047793135
onslow_td,SUB:SPN-S000000171613,0.475,81.0,0.3477863376580842,2021-12-14 06:00:00,0.7321817634907037,3.3545344573313503e-20,81.00000000000055,0.0,0.0,54.00000000000006,3.988155250890034e-21,2.557312500000018,-0.6009897232177484,51.23697198666573
onslow_td,SUB:SPN-S000000171614,0.285,97.0,0.285,2021-01-06 15:00:00,1.0,3.919864291590307e-20,97.0,0.0,0.0,59.0,3.585000168645576e-21,3.494979166666667,-0.6024398301380592,51.23217775584382
onslow_td,SUB:SPN-S000000171615,0.29925,34.0,0.1084741791815944,2021-12-14 06:00:00,0.3624868143077507,3.3525938946915934e-20,22.0,0.9999999999999984,11.0,11.999999999999998,4.4498366809185625e-21,0.6313229166666667,-0.6121945826079177,51.23111019961913
onslow_td,SUB:SPN-S000000171616,0.475,106.0,0.1555377621675013,2021-12-14 18:00:00,0.3274479203526343,3.3589378072944054e-20,18.0,7.000000000001444,81.00000000000003,101.00000000000144,4.1359810446717065e-21,0.4979738782051526,-0.5985486631027599,51.23945492453624
onslow_td,SUB:SPN-S000000171617,0.475,139.0,0.184163428624813,2021-01-20 18:00:00,0.3877124813153959,3.352120885762305e-20,14.0,2.000000000000008,123.0,125.00000000000004,3.551468976395836e-21,0.3003148634453784,-0.5953480975559606,51.23980893804026
onslow_td,SUB:SPN-S000000171618,0.475,178.0,0.475,2021-01-15 15:00:00,1.0,3.419033250209248e-20,110.00000000000044,4.000000000000005,64.0,98.0,4.1498702995122616e-21,2.7832719385499662,-0.5935270961604932,51.236474621778605
onslow_td,SUB:SPN-S000000171619,0.475,285.0,0.475,2021-01-20 18:00:00,1.0,3.3531507686799223e-20,40.00000000000001,45.0,200.0,174.0,3.389921232594176e-21,1.5646480715045192,-0.5888811288711313,51.2373437763708
onslow_td,SUB:SPN-S000000171621,0.475,177.0,0.475,2021-01-15 15:00:00,1.0,3.414183324973905e-20,113.0,4.999999997372206,59.00000000257907,105.00000000000024,3.851565223420451e-21,2.893618946780508,-0.586580087631267,51.236063867725655
onslow_td,SUB:SPN-S000000171622,0.285,64.0,0.285,2021-01-06 15:00:00,1.0,3.482149865669227e-20,56.0,0.0,8.0,42.99999999999999,3.846970791861124e-21,2.2885416666666667,-0.5898274303314767,51.23355816931475
onslow_td,SUB:SPN-S000000171624,0.475,110.0,0.3019543796781133,2021-12-14 06:00:00,0.6356934309012912,3.3595025852811993e-20,46.99999999938266,1.0000000000003326,62.00000000059772,65.00000000000034,4.289486822468744e-21,1.7715889154534448,-0.5943213626746973,51.23438858833637
onslow_td,SUB:SPN-S000000171625,0.285,139.0,0.285,2021-01-20 18:00:00,1.0,3.381234455386106e-20,45.99999999983137,1.999999999999996,91.00000000016684,79.00000000000007,3.844150390693733e-21,1.17396789111588,-0.5983367223144612,51.23352757682884
onslow_td,SUB:SPN-S000000171626,0.475,110.0,0.1466683039624552,2021-01-06 18:00:00,0.3087753767630637,3.3568589390284553e-20,18.0,3.000000000000302,89.0,100.00000000000033,4.88268294657111e-21,0.6298645833333398,-0.6006197406071385,51.23419602844342
onslow_td,SUB:SPN-S000000172024,0.475,32.0,0.1196812622668034,2021-12-14 06:00:00,0.2519605521406387,3.3504666580780234e-20,31.999999999774083,0.0,0.0,19.0,4.035871230734436e-21,0.8359999999948888,-0.615351789033225,51.22850859637997
onslow_td,SUB:SPN-S000000172025,0.475,91.0,0.3628377704779731,2021-12-14 06:00:00,0.7638689904799435,3.3517161299891936e-20,91.0,0.0,0.0,57.0,3.391968293834093e-21,2.7961875000000003,-0.6112038719881935,51.23048758290832
onslow_td,SUB:SPN-S000000173973,0.19,33.0,0.1010723531805468,2021-12-14 06:00:00,0.5319597535818255,3.357371207472241e-20,20.00000000000021,0.0,12.999999999999998,18.000000000000206,4.157888866583511e-21,0.5687738095238162,-0.5934278650531593,51.23291426032811
onslow_td,SUB:SPN-S000000174043,0.76,227.0,0.6137489318162017,2021-01-20 18:00:00,0.8075643839686865,3.3534461176653865e-20,75.00000000000041,24.0,128.0,141.0,4.351893976721898e-21,2.142630094043896,-0.5835780676507151,51.23521632404756
onslow_td,SUB:SPN-S000000174077,0.29925,139.0,0.29925,2021-01-20 18:00:00,1.0,3.360141737788888e-20,34.99999994129259,11.00000000000011,93.00000002915048,110.00000002915064,4.2941843178542215e-21,0.8798445211834024,-0.5907714226657593,51.24003906128964
onslow_td,SUB:SPN-S000000174089,0.29925,83.0,0.29925,2021-12-14 06:00:00,1.0,3.357956013013706e-20,65.0,1.000000000000001,16.999999999999996,53.0,3.840015750001154e-21,2.1163958333333333,-0.5969754136583084,51.23807421690532
bellfields_slyfield_td,SUB:SPN-S000000171695,0.475,156.0,0.4484344047775446,2021-01-20 18:00:00,0.9440724288175067,1.15375569340562e-09,18.999999063092066,44.99999282054398,91.99999642565764,109.9999902772892,-7.38123940161408e-12,1.0694533888194624,-0.5714306519291863,51.25257859271811
bellfields_slyfield_td,SUB:SPN-S000000171696,0.29925,117.0,0.1748176401428526,2021-01-20 18:00:00,0.5841859298095189,1.108130145264215e-09,12.9999992334959,2.999981298358433,100.99999380892856,79.99997839111907,-8.960073276734477e-12,0.3088513130287862,-0.5726568808159724,51.2570157014139
bellfields_slyfield_td,SUB:SPN-S000000171697,0.285,101.0,0.099916149465714,2021-01-20 18:00:00,0.3505829792924724,1.0478530341164936e-09,0.0,2.999999514483715,97.99999364386132,77.99999447696536,-1.0577510301594056e-11,0.0483938245624301,-0.5699370065833581,51.25660827884681
bellfields_slyfield_td,SUB:SPN-S000000171698,0.475,141.0,0.1787168100103652,2021-12-06 07:00:00,0.3762459149323037,1.1097024808219463e-09,29.99999455157125,3.999982921928825,106.9999875062611,114.99996990006515,-7.821475831228229e-12,0.6677046948403,-0.5680138988241997,51.25841881614962
bellfields_slyfield_td,SUB:SPN-S000000171699,0.95,8.0,0.0120856905700903,2021-01-20 18:00:00,0.0127217795364129,8.252053175919828e-10,0.9999996436643052,0.0,6.999998123511359,6.999998123511359,2.2100171648141665e-11,0.0306250353283655,-0.565490479409883,51.26048273959804
bellfields_slyfield_td,SUB:SPN-S000000171700,0.475,132.0,0.1902286802380068,2021-01-20 18:00:00,0.4004814310943523,1.1690665950932694e-09,27.99999698571208,4.999982934164396,98.999990485791,114.99997295442589,-8.557945648629143e-12,0.7204003732585691,-0.5733127812992017,51.26035495406931
bellfields_slyfield_td,SUB:SPN-S000000171702,0.76,4.0,0.0235776269784878,2021-01-20 18:00:00,0.0310231933588803,8.296623930052513e-10,2.999999357886256,0.0,0.999999015914462,3.9999983738007177,2.102553223706485e-11,0.096541711443838,-0.5722950715368904,51.26217189651528
bellfields_slyfield_td,SUB:SPN-S000000171719,0.95,263.0,0.2493500997781785,2021-01-20 18:00:00,0.2624737889223674,1.1503225221898255e-09,1.2526844730708134e-05,9.99999171096604,252.99997732995945,233.9999829100768,-5.39135127039853e-12,0.1757227399666344,-0.575805026636144,51.254870380972925
bellfields_slyfield_td,SUB:SPN-S000000171720,0.29925,149.0,0.2666296311876175,2021-01-20 18:00:00,0.8909929161856042,1.143752605341903e-09,18.999998573294103,11.999958817253624,117.99999703110124,138.99995523684046,-7.827606056875688e-12,0.5893939010074999,-0.5756780834086388,51.25181034463932
bellfields_slyfield_td,SUB:SPN-S000000171721,0.475,124.0,0.1197564654779137,2021-01-20 18:00:00,0.2521188741120312,1.089561048430958e-09,0.0,1.99999684524338,121.99999156624682,110.99998866831804,-8.958729021293395e-12,0.0387821666418861,-0.5762032949562155,51.25835565880832
bellfields_slyfield_td,SUB:SPN-S000000171722,0.76,181.0,0.2404794776458789,2021-01-20 18:00:00,0.3164203648441396,1.151420270889207e-09,0.0,7.999997993898087,172.99999176964272,103.999992526884,-7.226228623671071e-12,0.1789363234355476,-0.5804074003489117,51.25893209568856
bellfields_slyfield_td,SUB:SPN-S000000171723,0.29925,145.0,0.1829613766417019,2021-01-20 18:00:00,0.6113997525873043,1.1121220817415246e-09,0.0,13.999996152228665,130.99999562915886,64.9999949820967,-8.157029817720115e-12,0.2010863822717796,-0.5780279355333604,51.26204205359576
bellfields_slyfield_td,SUB:SPN-S000000171724,0.76,127.0,0.1392312316710106,2021-01-20 18:00:00,0.1831989887792506,1.085050605398037e-09,0.0,0.999998682347598,125.99999317960511,73.99999406770934,-8.455270447047231e-12,0.0228499652090282,-0.5804670841098213,51.262232878985806
bellfields_slyfield_td,SUB:SPN-S000000171725,0.29925,114.0,0.1807405684538036,2021-01-20 18:00:00,0.6039785055406804,1.1105610296891538e-09,1.9999994341470424,6.999985228946972,104.9999977809136,75.99998509379654,-8.960391633184512e-12,0.2150098215009819,-0.5829089894112331,51.26408772571502
bellfields_slyfield_td,SUB:SPN-S000000171741,0.29925,268.0,0.2992500014685722,2021-11-25 19:00:00,0.999999999250602,1.6928295561038426e-09,33.9999981952637,34.18386260574425,199.8160983845033,190.99996108369817,-5.0118079598159535e-12,1.044451795330518,-0.5804298781343122,51.25283824839299
bellfields_slyfield_td,SUB:SPN-S000000171743,0.76,145.0,0.1491042102288746,2021-01-20 18:00:00,0.1961897500238646,1.074151929862507e-09,0.0,5.999976416042551,138.99999437330112,129.99997112458706,-8.467943835955185e-12,0.1118340162343319,-0.5805904488552914,51.25680095038345
bellfields_slyfield_td,SUB:SPN-S000000173976,0.76,7.0,0.0570120800347719,2021-03-20 15:00:00,0.075015894697279,8.64348197034719e-10,6.9999993134409575,0.0,0.0,0.0,2.3859836373484627e-11,0.4146666651614063,-0.5672393942171583,51.26290282634043
bellfields_slyfield_td,SUB:SPN-S000000174198,0.285,76.0,0.2247422198249173,2021-01-20 05:00:00,0.7885691895013424,1.036097828378536e-09,9.999999442903905,24.999983679259017,40.99999899127931,55.99998216640088,-1.1713820012921798e-11,0.6285383308987137,-0.5701724693398754,51.25395802382246
bellfields_slyfield_td,SUB:SPN-S000000174914,0.475,9.0,0.0464217593620692,2021-03-20 14:00:00,0.0977300195278097,8.836551848943677e-10,7.999999369645153,0.0,0.9999996204005688,3.999999455017325,2.3779308043903314e-11,0.3685416719195067,-0.5624048139103396,51.261802811604944
bellfields_slyfield_td,SUB:SPN-S000000175228,0.475,139.0,0.1615573584854518,2021-01-20 18:00:00,0.3401207539078573,1.1149558623030483e-09,0.0,3.999972267603008,134.99999330333915,111.99996839087548,-8.120784303652244e-12,0.0816491837491164,-0.5843767692561318,51.261617108313175
bellfields_slyfield_td,SUB:SPN-S000000175255,0.29925,47.0,0.068476934308483,2021-01-20 05:00:00,0.2288285182469123,9.749418437362386e-10,2.999999886175846,2.999999051601381,40.99999877406784,28.99999817296118,-1.4583171348593305e-11,0.3467216874402654,-0.5729226033701923,51.2613432062005
bellfields_slyfield_td,SUB:SPN-S000000181316,0.29925,119.0,0.2992499640825994,2021-01-20 05:00:00,0.9999998763802228,1.075817916219306e-09,4.999999194596893,42.99995656456572,70.99999820218446,77.99995626137517,-9.55089528030994e-12,0.7536470440412071,-0.567642929543498,51.25898831950035
bellfields_slyfield_td,SUB:SPN-S000000181331,0.76,6.0,0.0696266069909586,2021-01-20 05:00:00,0.0916139564621601,8.701388649498307e-10,5.999998375263241,0.0,0.0,2.99999866768601,2.3538509099950572e-11,0.4629374969830854,-0.5624694866132717,51.260645217166
stoughton_south_td,SUB:SPN-R000000852116-000-001Z,0.095,99.0,0.114552458821951,2021-02-14 15:00:00,0.9999999996969678,0.0195524588566641,40.99999864482108,1.999999616239145,55.999991412988216,66.99999085509369,4.704910931082976e-11,1.0195299421982384,-0.5980946998382484,51.26045236943198
stoughton_south_td,SUB:SPN-S000000171734,0.475,145.0,0.2108638272347835,2021-01-20 18:00:00,0.443923846482588,3.504075419665068e-10,36.9999985110952,1.9999986442737865,105.99999803186596,90.99999692387102,4.947213910902572e-11,0.8263200032946101,-0.6024073502845967,51.252549024275496
stoughton_south_td,SUB:SPN-S000000171740,0.29925,70.0,0.1349378757683032,2021-01-20 18:00:00,0.4509202193039289,3.140299898386527e-10,13.999999791250762,5.999995338863057,49.99999945535797,55.99999479422104,4.199557834166562e-11,0.3384023177357026,-0.5838287870355082,51.25345595605569
stoughton_south_td,SUB:SPN-S000000171744,0.475,265.0,0.4750000003183665,2021-02-14 15:00:00,0.999999999848694,3.902368556997475e-10,90.99999840824472,29.99999741856652,143.99999819442627,159.99999587695794,5.3823430226029245e-11,2.1530987714693697,-0.5883096266642439,51.2545859480188
stoughton_south_td,SUB:SPN-S000000171773,0.29925,119.0,0.1869955412867301,2021-01-20 18:00:00,0.6248806719085108,3.490399155102169e-10,15.9999988085314,3.9999992450705166,98.99999787280842,88.99999759158771,4.7182426528969875e-11,0.3792705533473332,-0.5911466615849917,51.25188082335868
stoughton_south_td,SUB:SPN-S000000171774,0.76,196.0,0.2518274618576414,2021-01-20 18:00:00,0.331351923341882,3.5554669790169224e-10,27.999999373785897,3.9999989390255792,163.9999689779016,146.99999665056578,5.175792572584597e-11,0.7225443077318131,-0.5936736972721773,51.255528844016894
stoughton_south_td,SUB:SPN-S000000171775,0.29925,160.0,0.2972262316586793,2021-12-14 06:00:00,0.9932371971819836,4.0470769955158217e-10,69.9999947111954,0.0,89.99999880046776,89.99999573974657,5.2439815431034064e-11,1.6935279850683187,-0.5954836621333599,51.25756529796441
stoughton_south_td,SUB:SPN-S000000171780,0.475,295.0,0.4536096986047604,2021-01-20 18:00:00,0.9549677856418208,4.4493173199823917e-10,76.99999573076089,1.999999296997553,215.9999977500669,218.99999461711104,5.8104462848088845e-11,1.6475051538802776,-0.5972195463566372,51.25392964798617
stoughton_south_td,SUB:SPN-S000000171781,0.29925,112.0,0.2804154654245686,2021-12-14 06:00:00,0.9370608691306034,3.5988648967873656e-10,70.99999508058072,0.0,40.999998380696496,85.99999404987926,4.597291736882255e-11,1.7883125154009456,-0.5991754848118797,51.2582307990477
stoughton_south_td,SUB:SPN-S000000171828,0.475,229.0,0.3881416536013743,2021-01-20 18:00:00,0.8171403227393551,3.6735514680450846e-10,55.999998402027074,9.999997785947825,162.99999806087914,159.99999629404977,5.25695412580272e-11,1.381864107716021,-0.5860996685812756,51.251747595227535
stoughton_south_td,SUB:SPN-S000000171829,0.475,65.0,0.1443859161908723,2021-12-14 18:00:00,0.3039703496738103,3.1520335420981236e-10,18.99999977183625,8.999995088212104,36.999999574209,64.99999443425736,4.2567196051474e-11,0.580324653831428,-0.5847591180226703,51.249019852082846
stoughton_south_td,SUB:SPN-S000000171830,0.475,134.0,0.3197674251359786,2021-12-14 06:00:00,0.673194578739128,3.4892261577770326e-10,45.999997547780985,17.99999722408846,69.99999758734968,75.99999439752975,4.932750493444031e-11,1.4195182468329903,-0.5869324996563048,51.2496126668624
stoughton_south_td,SUB:SPN-S000000171831,0.29925,90.0,0.212681821403105,2021-12-14 06:00:00,0.7107161943492831,3.4343117958420015e-10,41.99999931662692,0.0,47.99999923943753,57.99999917478492,4.5081579346200006e-11,1.0983541820564653,-0.5923849614293502,51.250593642121295
stoughton_south_td,SUB:SPN-S000000171833,0.475,184.0,0.2496831237574552,2021-01-20 18:00:00,0.5256486812032617,3.5366966339501307e-10,9.999999706198365,25.999998078250197,147.99999767346,146.99999584123603,5.1032107450969214e-11,0.5774493533509065,-0.59274048189369,51.25306327247957
stoughton_south_td,SUB:SPN-S000000174894,0.95,12.0,0.0412921454630732,2021-01-20 18:00:00,0.0434654162638529,2.8558316437013184e-10,6.999999385587994,0.999999137062349,3.999999842073664,10.999998774500597,3.8191715771681376e-11,0.1924375007485718,-0.5880600978288881,51.24638971325948
stoughton_south_td,SUB:SPN-S000000174930,0.475,149.0,0.4556957910293664,2021-12-14 06:00:00,0.9593595593555804,3.4967688208880515e-10,50.99999740685372,58.99999931073165,38.99999954857087,68.99999724623616,4.812161468981913e-11,1.893474322112672,-0.5880855529320221,51.25044344370468
stoughton_south_td,SUB:SPN-S000000175224,0.76,173.0,0.3513031749904152,2021-12-14 06:00:00,0.4622410195058459,3.5906023448113417e-10,84.99999763944703,0.0,87.99999850247562,100.99999758283106,5.350104506777147e-11,2.026445748352961,-0.6004613735676317,51.25623832437945
stoughton_north_td,SUB:SPN-S000000171742,0.29925,104.0,0.1514255202336082,2021-12-14 18:00:00,0.506016775842494,1.2399183885850958e-10,8.999999278388097,10.999999003491824,83.99999925462637,79.99999816020691,-9.794463797087438e-11,0.323583570872419,-0.5850484996594159,51.25518688380849
stoughton_north_td,SUB:SPN-S000000171745,0.475,149.0,0.2592062153559491,2021-12-14 18:00:00,0.545697295309899,1.5346812769601903e-10,29.99999383600749,8.999997994619532,109.9999985318861,148.99999036251313,-7.252566397447065e-11,0.7958859956389809,-0.5877507907354276,51.256723084114654
stoughton_north_td,SUB:SPN-S000000171746,0.29925,207.0,0.2222748455792037,2021-12-28 18:00:00,0.7427730842646648,1.5213634365026027e-10,27.999992260654405,2.9999998499254303,175.9999987664531,179.9999921772142,-6.979606941519803e-11,0.7274671078984711,-0.5874881772857222,51.25930638061141
stoughton_north_td,SUB:SPN-S000000171749,0.29925,117.0,0.2665220489385272,2021-12-14 06:00:00,0.890633412900755,1.4369127315685994e-10,55.9999986860482,0.9999996504071976,59.99999934957947,76.99999885862997,-5.3733865567731504e-11,1.638104173834934,-0.5923951100880284,51.26181489928653
stoughton_north_td,SUB:SPN-S000000173197,0.29925,186.0,0.2931389004435158,2021-12-01 18:00:00,0.9795786141904136,1.5009987134747762e-10,25.999999157738472,21.99999561178324,137.99999910330993,139.9999940712633,-5.999462074103709e-11,0.9060574009802442,-0.5934084037172878,51.25845814004627
stoughton_north_td,SUB:SPN-S000000173931,0.475,232.0,0.3721699375596375,2021-12-14 06:00:00,0.7835156577819118,1.4451462324192904e-10,84.99999861279085,2.999998481825012,143.99999913829598,138.9999974240543,-9.782344035302144e-11,1.9190840568031204,-0.5869875052215682,51.26483295305121
stoughton_north_td,SUB:SPN-S000000174234,0.285,120.0,0.1670346899711718,2021-12-14 06:00:00,0.5860866311829414,1.4338074051678955e-10,24.99999305720501,3.999999124762508,90.9999992928114,119.99999147477892,-3.613078265877969e-11,0.8647704289715837,-0.5907507328823621,51.26568944475424
stoughton_north_td,SUB:SPN-S000000174785,0.29925,185.0,0.2992499988899297,2021-12-14 06:00:00,0.9999999958215594,1.4032800203852955e-10,9.99999988712696,44.999998050730966,129.99999975159915,126.99999799222554,-7.25787904463894e-11,0.6837635862053346,-0.5950048576836635,51.26297004744676
stoughton_north_td,SUB:SPN-S000000174842,0.475,124.0,0.1803110335396718,2021-12-28 18:00:00,0.3796021757573725,1.4467754515540083e-10,25.99999519951223,0.9999996454148252,96.99999920715084,119.99999406949254,-7.267828112761002e-11,0.6734813545685868,-0.5922114359410452,51.26401550896143
stoughton_north_td,SUB:SPN-S000000175257,0.29925,177.0,0.2788431742835656,2021-12-14 18:00:00,0.9318067641238332,1.2825469164863962e-10,34.99999532878297,5.0000000769593616,136.99999962412383,140.99999480753573,-1.1398624009308691e-10,0.9212526977231296,-0.5917809676960609,51.256474782907965
stoughton_north_td,SUB:SPN-S000000181195,0.29925,136.0,0.2992500001131179,2021-03-20 15:00:00,0.9999999999416996,1.3056431905611374e-10,72.99999264220908,3.999998430178822,58.99999982301474,121.99999099863648,-6.97163741136851e-11,2.7867473973984955,-0.5903732438393504,51.26345471852961
stoughton_north_td,SUB:SPN-S000000181196,0.475,194.0,0.2382768479303162,2021-12-14 18:00:00,0.5016354691649199,1.5345671822127537e-10,4.999999956197467,13.999997647570666,174.99999933189764,100.99999723357368,-6.585403858891421e-11,0.3286380140526252,-0.5858344507685104,51.26239856835649
stoughton_north_td,SUB:SPN-S000000181225,0.95,98.0,0.1597055316581399,2021-12-01 18:00:00,0.1681110859314685,1.382708965633645e-10,11.999999759811034,6.999995782413687,78.99999977638801,70.99999614070879,-4.0999700457730637e-11,0.3942807679695408,-0.5900552823589013,51.26031347969364
stoughton_north_td,SUB:SPN-S000000181226,0.95,66.0,0.0716744012038513,2021-12-01 18:00:00,0.0754467381008172,1.0702841270965066e-10,1.9999998944850224,4.999997688794313,58.99999968602051,43.999997504468354,-4.320447068409122e-11,0.1180315760940377,-0.5896004338977078,51.25964724676016
st_nicolas_td,SUB:SPN-R000000852112-000-073Z,0.0475,7.0,0.0064841914894603,2021-01-13 19:00:00,0.1365092943064834,7.254012898317086e-11,0.0,0.0,6.999999652632929,6.999999652632929,-4.874100948437923e-12,5.594631686610633e-09,-0.593145706446904,51.23062581317349
st_nicolas_td,SUB:SPN-S000000171623,0.475,92.0,0.4749999999835851,2021-01-19 06:00:00,0.9999999997100096,1.2133062066668075e-10,91.99999916453764,0.0,0.0,58.99999974468628,-5.001300012945141e-11,3.454229167512642,-0.5858988895692661,51.23247778198309
st_nicolas_td,SUB:SPN-S000000171674,0.76,153.0,0.5157079082846514,2021-01-19 06:00:00,0.6785630370927166,1.3880325478568895e-10,126.99999920642706,0.0,25.9999999237892,76.99999965699496,-4.1966749293731237e-11,3.195666666602413,-0.5801716346606851,51.23391775346145
st_nicolas_td,SUB:SPN-S000000171675,0.475,144.0,0.38729972226205,2021-12-14 06:00:00,0.8153678361280867,1.2412667975149828e-10,47.99999974890606,16.999999703383033,78.99999977903944,79.99999955906506,-5.6033782207423977e-11,1.734857438040919,-0.5788744634419781,51.23164454141872
st_nicolas_td,SUB:SPN-S000000171677,0.76,134.0,0.2708490056687903,2021-01-19 06:00:00,0.3563802705622432,1.164076758790924e-10,22.00000000599559,15.999999710063758,95.99999982779926,98.99999962205824,-5.577237998185838e-11,0.9310890411159316,-0.5782094472421958,51.228242525128856
st_nicolas_td,SUB:SPN-S000000171678,0.475,77.0,0.1481263183778179,2021-01-19 06:00:00,0.3118448807244273,1.0811439574033204e-10,15.9999998990438,5.999999747964604,54.99999975436794,28.99999975311641,-7.528305799657077e-11,0.6069296897382459,-0.5807648068086371,51.22621612272075
st_nicolas_td,SUB:SPN-S000000171679,0.29925,44.0,0.2872666066581838,2021-12-14 06:00:00,0.9599552432882038,1.0853508029070756e-10,43.99999888312479,0.0,0.0,39.99999898864412,-2.567971790826965e-11,2.368041667820012,-0.5895823213493921,51.22817527626467
st_nicolas_td,SUB:SPN-S000000171680,0.29925,52.0,0.2992499999585988,2021-12-22 15:00:00,0.9999999995010728,1.0790277374663695e-10,51.99999935832203,0.0,0.0,22.99999985002223,-4.715957428201518e-11,2.9985000004401035,-0.5826461353207177,51.22997538341138
st_nicolas_td,SUB:SPN-S000000171681,0.29925,87.0,0.2992500001228864,2021-03-20 15:00:00,0.999999999973648,1.3077223001745192e-10,86.99999807767145,0.0,0.0,75.99999818785543,-7.138511515512299e-11,3.7911041556243488,-0.5828614103483678,51.22766270699951
st_nicolas_td,SUB:SPN-S000000171683,0.19,37.0,0.1235802560106672,2021-12-14 06:00:00,0.6504223997488552,8.976437081904781e-11,8.999999889509736,11.99999978428762,15.999999721579217,35.99999945000955,-4.1402813341665836e-11,0.4346693386657435,-0.5785053745799854,51.22541577252783
st_nicolas_td,SUB:SPN-S000000171689,0.95,11.0,0.009588429431073,2021-12-22 18:00:00,0.0100930836107561,8.468462039387118e-11,0.0,0.0,10.999999842566552,7.999999934196799,-5.5618950507993805e-11,3.059782759421141e-09,-0.5796310178605456,51.23614587637396
st_nicolas_td,SUB:SPN-S000000174710,0.76,12.0,0.0771941320795197,2021-12-14 06:00:00,0.101571226407996,9.29664902412402e-11,11.999999375914513,0.0,0.0,10.999999417949429,-2.2101437906127298e-11,0.4778333329952037,-0.576787602636824,51.23212252983305
st_nicolas_td,SUB:SPN-S000000174720,0.29925,114.0,0.1867129336631467,2021-01-19 06:00:00,0.6239362860362483,1.0706130334925401e-10,32.99999984056715,3.999999836721569,76.99999978182818,70.99999962145108,-3.0289235489017886e-11,0.799327400659209,-0.5769719844042377,51.23221036200712
st_nicolas_td,SUB:SPN-S000000174958,0.95,7.0,0.0299320668134857,2021-12-14 06:00:00,0.0315074387483306,8.162179396791187e-11,3.9999999812788047,0.999997725013116,1.9999999914092768,6.999997697701198,-3.3511055123532494e-11,0.1738611118005809,-0.5788337359976681,51.236609634254215
st_nicolas_td,SUB:SPN-S000000174989,0.76,49.0,0.195530451639924,2021-01-19 06:00:00,0.2572769100197763,9.675977341311129e-11,0.0,32.99999974520549,15.999999864954184,12.999999904112828,-3.7176276478349336e-11,0.4576288437889951,-0.5783408978108254,51.23551171224829
st_nicolas_td,SUB:SPN-S000000175044,0.095,3.0,0.0253528232278467,2021-12-14 06:00:00,0.2668718232182417,8.28627575961444e-11,1.9999997674969507,0.0,0.9999999769597488,0.999999801167184,-1.3954580390071915e-11,0.2010000029408692,-0.5918083599984634,51.222500727203375
st_nicolas_td,SUB:SPN-S000000181145,0.475,216.0,0.4140728488106073,2021-12-14 06:00:00,0.8717323130511451,1.2769225627118518e-10,40.99999980845932,41.99999941808974,132.99999978343828,165.99999910397258,-6.886118342131033e-11,1.0754071358516517,-0.5785612655278036,51.23380697062873
